condition,id,display_text,english_gloss,list_primary,list_secondary,pred_top1,pred_top2,pred_top3,top1_confidence,hits1,hits3,partial_credit,top1_reasoning
Tamil_sparse,1,என்ன யஜமான என்ன காஸு வாபஸ் கொர்திஜ்ஜரெ,My landlord did not give back my money,Housing,Consumer/Money/Debt,Housing,Consumer/Money/Debt,Courts/Legal-System,0.85,True,True,False,Security deposits not returned
Tamil_sparse,2,என்ன தனி ஈ திங்கொலு காஸு கொர்திஜ்ஜரெ,My employer did not pay me this month,Work/Employment,,Housing,Torts/Individuals,Courts/Legal-System,0.85,False,False,False,Someone entering the person's home without permission
Tamil_sparse,3,ஏரோ என்ன பைலி துண்டு மல்த்த் எட்டெ மல்திஜ்ஜி,Someone broke my fence and did not fix it,Torts/Individuals,,Land/Property,Housing,Torts/Individuals,0.85,False,True,True,Dispute about something belonging to someone
Tamil_sparse,4,யான் ஏரெகோ காஸு கொரி பொக்க ஆல் போயல்,I gave someone money and they disappeared,Consumer/Money/Debt,,Torts/Individuals,Housing,Consumer/Money/Debt,0.85,False,True,True,Property damage or trespassing
Tamil_sparse,5,என்ன நெரெகரெ என்ன ஜாக தெத்த்தெ,My neighbor took my land,Land/Property,,Torts/Individuals,Land/Property,Housing,0.85,False,True,True,Property taken without permission
Tamil_sparse,6,ஏரோ எனன் படுது பாடி பொக்க என்ன கை பெனெ உண்டு,After someone hit me with a stick my hand hurts,Torts/Individuals,,Torts/Individuals,Housing,Consumer/Money/Debt,0.85,True,True,False,Property damage or trespassing
Tamil_sparse,7,என்ன தனி யான் போடு பண்ட பண்டரெ மாத்ர தால் காரண கொர்திஜ்ஜர்,My boss told me to leave without any reason,Work/Employment,,Torts/Individuals,Housing,Land/Property,0.85,False,False,False,Personal property dispute or trespassing issue
Tamil_sparse,8,யான் காஸு ஸால கொர்தின ஜன வாபஸ் கொர்திஜ்ஜரெ,The person I lent money to is not returning it,Consumer/Money/Debt,,Housing,Torts/Individuals,Land/Property,0.85,False,False,False,Property return dispute
Tamil_sparse,9,என்ன ஒப்பிகெ இஜ்ஜாந்தெ ஏரோ என்ன இல்ல்க் பத்தெ,Someone came into my house without my permission,Housing,Land/Property,Torts/Individuals,Housing,Consumer/Money/Debt,0.85,False,True,True,Property damage caused by another person
Tamil_sparse,10,அக்லெக் எங்குலு ஏத் நிர்ணய மல்தின காஸு ஜாஸ்தி போடு,They want more money than what we decided,Consumer/Money/Debt,,Land/Property,Torts/Individuals,Housing,0.85,False,False,False,Dispute over land or property
Tamil_sparse,11,எங்குலு யெப்ப முகிடு பண்ட நிர்ணய மல்பொனெர்த் தும்பு முகியெரெ,They ended our agreement before the time we decided,Consumer/Money/Debt,Courts/Legal-System,Housing,Torts/Individuals,Work/Employment,0.85,False,False,False,Residential context and dispute about ending/finishing something
Tamil_sparse,12,யான் காகஜித மித்த் புதர் பாட்யெ மாத்ர தாத பரெதின பண்ட கொத்திஜ,I signed a paper but did not understand what it said,Courts/Legal-System,Consumer/Money/Debt,Torts/Individuals,Land/Property,Housing,0.85,False,False,False,Property damage caused by another person
Tamil_sparse,13,யான் காகஜித மித்த் புதர் பாடி பொக்க அகுலு தாத நிர்ணய மல்தெரெ,After I signed the paper they did not do what they agreed to,Consumer/Money/Debt,,Torts/Individuals,Housing,Work/Employment,0.85,False,False,False,Someone entering your house without permission
Tamil_sparse,14,எங்க் ஓ வா கோர்ட்க் போடு பண்ட கொத்திஜ்ஜி,I don't know which court I should go to,Courts/Legal-System,,Courts/Legal-System,Housing,Torts/Individuals,0.85,True,True,False,Court-related issue with a dispute or misunderstanding
Tamil_sparse,15,எங்க் காஸு கொரொடுபின ஜன பேதெ ஜாகட் உல்லரெ,The person who owes me money is in a different place,Courts/Legal-System,Consumer/Money/Debt,Torts/Individuals,Housing,Land/Property,0.85,False,False,False,Property damage or personal injury caused by another person's actions
Tamil_sparse,16,என்ன நெரெகரெத நா மர என்ன இல்ல்த மித்த் பூருது ஹாள் மல்த்ண்ட்,My neighbor's tree fell on my house and damaged it,Torts/Individuals,Housing,Torts/Individuals,Housing,Consumer/Money/Debt,0.85,True,True,False,Property damage caused by another person
Tamil_sparse,17,ஏரோ என்ன ஜாகத மித்த் கெந்நிஜ்தெ குல்லுது போபுஜெ,Someone is living on my land without asking and won't leave,Land/Property,Housing,Torts/Individuals,Housing,Consumer/Money/Debt,0.85,False,True,True,Property damage caused by another person
Tamil_sparse,18,பேதெ ஜன அக்லென ஸாமான் த மித்த் என்ன புதர் பாட்த் மருவெர்,Someone is selling their things using my name,IP/Identity,,Torts/Individuals,Housing,Courts/Legal-System,0.85,False,False,False,Someone entering your house without permission
Tamil_sparse,19,என்ன பரத்த் தனி எனன் பொஸ பேலெ ஶுரு மல்பெரெ ஒந்தியெரெ,My old employer is stopping me from starting my own work,Work/Employment,,Land/Property,Housing,Torts/Individuals,0.85,False,False,False,"Dispute over property or land, possibly involving the person's own home"
Tamil_sparse,20,என்ன குடும்ப என்ன அப்பெ தீர் போயி பொக்க கொர்பின த ஜாக தெத்தெர,After my father passed away my family took the land that was meant to be given to me,Estates/Wills,Land/Property,Estates/Wills,Housing,Torts/Individuals,0.85,True,True,False,Family dispute involving inheritance or property distribution
Tamil_full,1,என்ன யஜமான என்ன காஸு வாபஸ் கொர்திஜ்ஜரெ,My landlord did not give back my money,Housing,Consumer/Money/Debt,Housing,Consumer/Money/Debt,Torts/Individuals,0.85,True,True,False,Landlord-tenant deposit dispute
Tamil_full,2,என்ன தனி ஈ திங்கொலு காஸு கொர்திஜ்ஜரெ,My employer did not pay me this month,Work/Employment,,Consumer/Money/Debt,Work/Employment,Housing,0.95,False,True,True,The situation involves an employer owing someone money.
Tamil_full,3,ஏரோ என்ன பைலி துண்டு மல்த்த் எட்டெ மல்திஜ்ஜி,Someone broke my fence and did not fix it,Torts/Individuals,,Torts/Individuals,Housing,Consumer/Money/Debt,0.85,True,True,False,Property damage caused by another person
Tamil_full,4,யான் ஏரெகோ காஸு கொரி பொக்க ஆல் போயல்,I gave someone money and they disappeared,Consumer/Money/Debt,,Consumer/Money/Debt,Housing,Torts/Individuals,0.85,True,True,False,Money taken by someone after leaving or ending something
Tamil_full,5,என்ன நெரெகரெ என்ன ஜாக தெத்த்தெ,My neighbor took my land,Land/Property,,Land/Property,Torts/Individuals,Housing,0.85,True,True,False,Neighbor dispute over land
Tamil_full,6,ஏரோ எனன் படுது பாடி பொக்க என்ன கை பெனெ உண்டு,After someone hit me with a stick my hand hurts,Torts/Individuals,,Torts/Individuals,Land/Property,Housing,0.85,True,True,False,Property damage or trespassing
Tamil_full,7,என்ன தனி யான் போடு பண்ட பண்டரெ மாத்ர தால் காரண கொர்திஜ்ஜர்,My boss told me to leave without any reason,Work/Employment,,Work/Employment,Torts/Individuals,Housing,0.90,True,True,False,The situation involves an employer-employee relationship and the employee being asked to end their work.
Tamil_full,8,யான் காஸு ஸால கொர்தின ஜன வாபஸ் கொர்திஜ்ஜரெ,The person I lent money to is not returning it,Consumer/Money/Debt,,Consumer/Money/Debt,Torts/Individuals,Housing,0.95,True,True,False,Debt dispute involving refusal to return borrowed money
Tamil_full,9,என்ன ஒப்பிகெ இஜ்ஜாந்தெ ஏரோ என்ன இல்ல்க் பத்தெ,Someone came into my house without my permission,Housing,Land/Property,Torts/Individuals,Housing,Courts/Legal-System,0.85,False,True,True,Someone entered the person's house without permission
Tamil_full,10,அக்லெக் எங்குலு ஏத் நிர்ணய மல்தின காஸு ஜாஸ்தி போடு,They want more money than what we decided,Consumer/Money/Debt,,Consumer/Money/Debt,Torts/Individuals,Housing,0.85,True,True,False,Financial dispute or debt issue
Tamil_full,11,எங்குலு யெப்ப முகிடு பண்ட நிர்ணய மல்பொனெர்த் தும்பு முகியெரெ,They ended our agreement before the time we decided,Consumer/Money/Debt,Courts/Legal-System,Land/Property,Torts/Individuals,Housing,0.90,False,False,False,The situation involves someone taking the person's land or property without permission.
Tamil_full,12,யான் காகஜித மித்த் புதர் பாட்யெ மாத்ர தாத பரெதின பண்ட கொத்திஜ,I signed a paper but did not understand what it said,Courts/Legal-System,Consumer/Money/Debt,IP/Identity,Torts/Individuals,Housing,0.85,False,False,False,Unauthorized use of name/signature
Tamil_full,13,யான் காகஜித மித்த் புதர் பாடி பொக்க அகுலு தாத நிர்ணய மல்தெரெ,After I signed the paper they did not do what they agreed to,Consumer/Money/Debt,,IP/Identity,Torts/Individuals,Housing,0.85,False,False,False,Misuse of personal name/signature without permission
Tamil_full,14,எங்க் ஓ வா கோர்ட்க் போடு பண்ட கொத்திஜ்ஜி,I don't know which court I should go to,Courts/Legal-System,,Courts/Legal-System,Housing,Torts/Individuals,0.95,True,True,False,Uncertainty about going to court suggests a legal system-related issue
Tamil_full,15,எங்க் காஸு கொரொடுபின ஜன பேதெ ஜாகட் உல்லரெ,The person who owes me money is in a different place,Courts/Legal-System,Consumer/Money/Debt,Consumer/Money/Debt,Torts/Individuals,Housing,0.90,False,True,True,Money taken without permission
Tamil_full,16,என்ன நெரெகரெத நா மர என்ன இல்ல்த மித்த் பூருது ஹாள் மல்த்ண்ட்,My neighbor's tree fell on my house and damaged it,Torts/Individuals,Housing,Torts/Individuals,Housing,Torts/Individuals,0.85,True,True,False,Someone entering your house without permission
Tamil_full,17,ஏரோ என்ன ஜாகத மித்த் கெந்நிஜ்தெ குல்லுது போபுஜெ,Someone is living on my land without asking and won't leave,Land/Property,Housing,Land/Property,Torts/Individuals,Housing,0.85,True,True,False,Someone entered the person's land or property without permission and refuses to leave
Tamil_full,18,பேதெ ஜன அக்லென ஸாமான் த மித்த் என்ன புதர் பாட்த் மருவெர்,Someone is selling their things using my name,IP/Identity,,IP/Identity,Torts/Individuals,Housing,0.95,True,True,False,Unauthorized use of name/signature
Tamil_full,19,என்ன பரத்த் தனி எனன் பொஸ பேலெ ஶுரு மல்பெரெ ஒந்தியெரெ,My old employer is stopping me from starting my own work,Work/Employment,,Work/Employment,Torts/Individuals,Housing,0.85,True,True,False,Wrongful dismissal without reason
Tamil_full,20,என்ன குடும்ப என்ன அப்பெ தீர் போயி பொக்க கொர்பின த ஜாக தெத்தெர,After my father passed away my family took the land that was meant to be given to me,Estates/Wills,Land/Property,Estates/Wills,Land/Property,Housing,0.95,True,True,False,Inheritance dispute over family property
Malayalam_sparse,1,എന്ന യജമാന എന്ന കാസു വാപസ് കൊർതിജ്ജരെ,My landlord did not give back my money,Housing,Consumer/Money/Debt,Housing,Housing,Consumer/Money/Debt,0.85,True,True,False,Trespass into a home or dwelling
Malayalam_sparse,2,എന്ന ധനി ഈ തിംഗൊലു കാസു കൊർതിജ്ജരെ,My employer did not pay me this month,Work/Employment,,Consumer/Money/Debt,Torts/Individuals,Housing,0.85,False,False,False,Unauthorized taking of money
Malayalam_sparse,3,ഏരോ എന്ന ബൈലി തുണ്ഡു മൽത്ദ് എഡ്ഡെ മൽതിജ്ജി,Someone broke my fence and did not fix it,Torts/Individuals,,Torts/Individuals,Housing,Work/Employment,0.85,True,True,False,Property damage caused by another person
Malayalam_sparse,4,യാൻ ഏരെഗോ കാസു കൊരി ബൊക്ക ആൽ പോയൽ,I gave someone money and they disappeared,Consumer/Money/Debt,,Housing,Torts/Individuals,Consumer/Money/Debt,0.85,False,True,True,Landlord-tenant dispute or trespassing issue
Malayalam_sparse,5,എന്ന നെരെകരെ എന്ന ജാഗ ദെത്ത്ദെ,My neighbor took my land,Land/Property,,Land/Property,Housing,Torts/Individuals,0.85,True,True,False,Dispute over a plot of land or property
Malayalam_sparse,6,ഏരോ എനൻ ബഡുതു പാഡി ബൊക്ക എന്ന കൈ ബെനെ ഉണ്ഡു,After someone hit me with a stick my hand hurts,Torts/Individuals,,Torts/Individuals,Housing,Work/Employment,0.85,True,True,False,Personal injury caused by another person
Malayalam_sparse,7,എന്ന ധനി യാൻ പോഡു പണ്ഡ പണ്ഡരെ മാത്ര ദാൽ കാരണ കൊർതിജ്ജർ,My boss told me to leave without any reason,Work/Employment,,Consumer/Money/Debt,Torts/Individuals,Housing,0.95,False,False,False,Unauthorized taking of money without permission
Malayalam_sparse,8,യാൻ കാസു സാല കൊർതിന ജന വാപസ് കൊർതിജ്ജരെ,The person I lent money to is not returning it,Consumer/Money/Debt,,Torts/Individuals,Housing,Consumer/Money/Debt,0.85,False,True,True,Property violation without permission
Malayalam_sparse,9,എന്ന ഒപ്പിഗെ ഇജ്ജാന്ദെ ഏരോ എന്ന ഇല്ല്ഗ് ബത്തെ,Someone came into my house without my permission,Housing,Land/Property,Torts/Individuals,Housing,Consumer/Money/Debt,0.85,False,True,True,Someone entering your house without permission
Malayalam_sparse,10,അക്ലെഗ് എങ്കുലു ഏത് നിർണയ മൽതിന കാസു ജാസ്തി ബോഡു,They want more money than what we decided,Consumer/Money/Debt,,Estates/Wills,Land/Property,Torts/Individuals,0.85,False,False,False,Property dispute or inheritance issue
Malayalam_sparse,11,എങ്കുലു യെപ്പ മുഗിഡു പണ്ഡ നിർണയ മല്പൊനെർദ് ദുംബു മുഗിയെരെ,They ended our agreement before the time we decided,Consumer/Money/Debt,Courts/Legal-System,Torts/Individuals,Housing,Courts/Legal-System,0.85,False,True,True,Dispute related to someone else's actions
Malayalam_sparse,12,യാൻ കാഗജിദ മിത്ത് പുദർ പാഡ്യെ മാത്ര ദാദ ബരെദിന പണ്ഡ ഗൊത്തിജ,I signed a paper but did not understand what it said,Courts/Legal-System,Consumer/Money/Debt,IP/Identity,Torts/Individuals,Courts/Legal-System,0.85,False,True,True,Dispute over a document or paper that belongs to someone
Malayalam_sparse,13,യാൻ കാഗജിദ മിത്ത് പുദർ പാഡി ബൊക്ക അകുലു ദാദ നിർണയ മൽതെരെ,After I signed the paper they did not do what they agreed to,Consumer/Money/Debt,,Courts/Legal-System,Housing,Torts/Individuals,0.85,False,False,False,Dispute over a document and decision-making context
Malayalam_sparse,14,എങ്ക് ഓ വാ കോർട്ഗ് പോഡു പണ്ഡ ഗൊത്തിജ്ജി,I don't know which court I should go to,Courts/Legal-System,,Torts/Individuals,Housing,Consumer/Money/Debt,0.85,False,False,False,Someone gave something without permission
Malayalam_sparse,15,എങ്ക് കാസു കൊരൊഡുപിന ജന ബേതെ ജാഗഡ് ഉല്ലരെ,The person who owes me money is in a different place,Courts/Legal-System,Consumer/Money/Debt,Torts/Individuals,Housing,Torts/Individuals,0.85,False,False,False,Property damage caused by another person
Malayalam_sparse,16,എന്ന നെരെകരെത നാ മര എന്ന ഇല്ല്ദ മിത്ത് ബൂരുദു ഹാൾ മൽത്ണ്ഡ്,My neighbor's tree fell on my house and damaged it,Torts/Individuals,Housing,Torts/Individuals,Housing,Consumer/Money/Debt,0.85,True,True,False,Unauthorized entry into someone's house
Malayalam_sparse,17,ഏരോ എന്ന ജാഗദ മിത്ത് കെന്നിജ്ദെ കുല്ലുദു പോപുജെ,Someone is living on my land without asking and won't leave,Land/Property,Housing,Torts/Individuals,Housing,Land/Property,0.85,False,True,True,Property damage caused by another person
Malayalam_sparse,18,ബേതെ ജന അക്ലെന സാമാൻ ദ മിത്ത് എന്ന പുദർ പാഡ്ദ് മരുവെർ,Someone is selling their things using my name,IP/Identity,,Torts/Individuals,Housing,Consumer/Money/Debt,0.85,False,False,False,Property damage caused by another person
Malayalam_sparse,19,എന്ന പരത്ത് ധനി എനൻ പൊസ ബേലെ ശുരു മല്പെരെ ഒന്തിയെരെ,My old employer is stopping me from starting my own work,Work/Employment,,Torts/Individuals,Housing,Work/Employment,0.85,False,True,True,Personal injury or property damage caused by another person
Malayalam_sparse,20,എന്ന കുടുംബ എന്ന അപ്പെ തീർ പോയി ബൊക്ക കൊർപിന ദ ജാഗ ദെത്തെര,After my father passed away my family took the land that was meant to be given to me,Estates/Wills,Land/Property,Estates/Wills,Land/Property,Torts/Individuals,0.85,True,True,False,Inheritance dispute over property or land after someone's passing
Malayalam_full,1,എന്ന യജമാന എന്ന കാസു വാപസ് കൊർതിജ്ജരെ,My landlord did not give back my money,Housing,Consumer/Money/Debt,Housing,Consumer/Money/Debt,Torts/Individuals,0.85,True,True,False,Landlord-tenant deposit dispute
Malayalam_full,2,എന്ന ധനി ഈ തിംഗൊലു കാസു കൊർതിജ്ജരെ,My employer did not pay me this month,Work/Employment,,Consumer/Money/Debt,Work/Employment,Housing,0.85,False,True,True,Employer taking money that belongs to the person
Malayalam_full,3,ഏരോ എന്ന ബൈലി തുണ്ഡു മൽത്ദ് എഡ്ഡെ മൽതിജ്ജി,Someone broke my fence and did not fix it,Torts/Individuals,,Torts/Individuals,Housing,Land/Property,0.85,True,True,False,Property damage caused by another person's actions and refusal to take responsibility
Malayalam_full,4,യാൻ ഏരെഗോ കാസു കൊരി ബൊക്ക ആൽ പോയൽ,I gave someone money and they disappeared,Consumer/Money/Debt,,Consumer/Money/Debt,Torts/Individuals,Housing,0.95,True,True,False,The sentence mentions money being taken by someone.
Malayalam_full,5,എന്ന നെരെകരെ എന്ന ജാഗ ദെത്ത്ദെ,My neighbor took my land,Land/Property,,Land/Property,Torts/Individuals,Housing,0.95,True,True,False,Neighbor taking land without permission
Malayalam_full,6,ഏരോ എനൻ ബഡുതു പാഡി ബൊക്ക എന്ന കൈ ബെനെ ഉണ്ഡു,After someone hit me with a stick my hand hurts,Torts/Individuals,,Consumer/Money/Debt,Torts/Individuals,Housing,0.95,False,True,True,The situation involves someone taking money without permission and refusing to return it.
Malayalam_full,7,എന്ന ധനി യാൻ പോഡു പണ്ഡ പണ്ഡരെ മാത്ര ദാൽ കാരണ കൊർതിജ്ജർ,My boss told me to leave without any reason,Work/Employment,,Consumer/Money/Debt,Work/Employment,Housing,0.95,False,True,True,Employer not paying employee as agreed
Malayalam_full,8,യാൻ കാസു സാല കൊർതിന ജന വാപസ് കൊർതിജ്ജരെ,The person I lent money to is not returning it,Consumer/Money/Debt,,Consumer/Money/Debt,Torts/Individuals,Housing,0.95,True,True,False,The situation involves a loan or debt that was not repaid.
Malayalam_full,9,എന്ന ഒപ്പിഗെ ഇജ്ജാന്ദെ ഏരോ എന്ന ഇല്ല്ഗ് ബത്തെ,Someone came into my house without my permission,Housing,Land/Property,Torts/Individuals,Housing,Housing,0.95,False,True,True,Someone entering your house without permission is a classic tort
Malayalam_full,10,അക്ലെഗ് എങ്കുലു ഏത് നിർണയ മൽതിന കാസു ജാസ്തി ബോഡു,They want more money than what we decided,Consumer/Money/Debt,,Consumer/Money/Debt,Housing,Torts/Individuals,0.85,True,True,False,Dispute over money owed to the person
Malayalam_full,11,എങ്കുലു യെപ്പ മുഗിഡു പണ്ഡ നിർണയ മല്പൊനെർദ് ദുംബു മുഗിയെരെ,They ended our agreement before the time we decided,Consumer/Money/Debt,Courts/Legal-System,Housing,Torts/Individuals,Consumer/Money/Debt,0.95,False,True,True,Landlord-tenant dispute over tenancy termination
Malayalam_full,12,യാൻ കാഗജിദ മിത്ത് പുദർ പാഡ്യെ മാത്ര ദാദ ബരെദിന പണ്ഡ ഗൊത്തിജ,I signed a paper but did not understand what it said,Courts/Legal-System,Consumer/Money/Debt,IP/Identity,Torts/Individuals,Courts/Legal-System,0.95,False,True,True,The situation involves someone else using the person's name or signature without their consent.
Malayalam_full,13,യാൻ കാഗജിദ മിത്ത് പുദർ പാഡി ബൊക്ക അകുലു ദാദ നിർണയ മൽതെരെ,After I signed the paper they did not do what they agreed to,Consumer/Money/Debt,,IP/Identity,Torts/Individuals,Housing,0.85,False,False,False,Someone signed another person's name without permission
Malayalam_full,14,എങ്ക് ഓ വാ കോർട്ഗ് പോഡു പണ്ഡ ഗൊത്തിജ്ജി,I don't know which court I should go to,Courts/Legal-System,,Consumer/Money/Debt,Torts/Individuals,Housing,0.85,False,False,False,Unauthorized taking of money without permission
Malayalam_full,15,എങ്ക് കാസു കൊരൊഡുപിന ജന ബേതെ ജാഗഡ് ഉല്ലരെ,The person who owes me money is in a different place,Courts/Legal-System,Consumer/Money/Debt,Land/Property,Torts/Individuals,Housing,0.95,False,False,False,Unauthorized occupation of someone else's property
Malayalam_full,16,എന്ന നെരെകരെത നാ മര എന്ന ഇല്ല്ദ മിത്ത് ബൂരുദു ഹാൾ മൽത്ണ്ഡ്,My neighbor's tree fell on my house and damaged it,Torts/Individuals,Housing,Torts/Individuals,Housing,Land/Property,0.95,True,True,False,Neighbor entering property without permission
Malayalam_full,17,ഏരോ എന്ന ജാഗദ മിത്ത് കെന്നിജ്ദെ കുല്ലുദു പോപുജെ,Someone is living on my land without asking and won't leave,Land/Property,Housing,Land/Property,Torts/Individuals,Housing,0.85,True,True,False,Unauthorized entry onto someone's land
Malayalam_full,18,ബേതെ ജന അക്ലെന സാമാൻ ദ മിത്ത് എന്ന പുദർ പാഡ്ദ് മരുവെർ,Someone is selling their things using my name,IP/Identity,,IP/Identity,Torts/Individuals,Courts/Legal-System,0.95,True,True,False,Signature taken without permission
Malayalam_full,19,എന്ന പരത്ത് ധനി എനൻ പൊസ ബേലെ ശുരു മല്പെരെ ഒന്തിയെരെ,My old employer is stopping me from starting my own work,Work/Employment,,Work/Employment,Consumer/Money/Debt,Torts/Individuals,0.95,True,True,False,The situation involves an employee who has not received payment from their employer for work done.
Malayalam_full,20,എന്ന കുടുംബ എന്ന അപ്പെ തീർ പോയി ബൊക്ക കൊർപിന ദ ജാഗ ദെത്തെര,After my father passed away my family took the land that was meant to be given to me,Estates/Wills,Land/Property,Land/Property,Torts/Individuals,Housing,0.95,False,True,True,Dispute over land ownership and possession
Kannada_sparse,1,ಎನ್ನ ಯಜಮಾನ ಎನ್ನ ಕಾಸು ವಾಪಸ್ ಕೊರ್ತಿಜ್ಜರೆ,My landlord did not give back my money,Housing,Consumer/Money/Debt,Housing,Torts/Individuals,Consumer/Money/Debt,0.85,True,True,False,Security deposits not returned
Kannada_sparse,2,ಎನ್ನ ಧನಿ ಈ ತಿಂಗೊಲು ಕಾಸು ಕೊರ್ತಿಜ್ಜರೆ,My employer did not pay me this month,Work/Employment,,Consumer/Money/Debt,Housing,Torts/Individuals,0.85,False,False,False,Financial issue related to money being taken or not returned
Kannada_sparse,3,ಏರೋ ಎನ್ನ ಬೈಲಿ ತುಂಡು ಮಲ್ತ್‌ದ್ ಎಡ್ಡೆ ಮಲ್ತಿಜ್ಜಿ,Someone broke my fence and did not fix it,Torts/Individuals,,Torts/Individuals,Housing,Land/Property,0.85,True,True,False,Property damage caused by another person
Kannada_sparse,4,ಯಾನ್ ಏರೆಗೋ ಕಾಸು ಕೊರಿ ಬೊಕ್ಕ ಆಲ್ ಪೋಯಲ್,I gave someone money and they disappeared,Consumer/Money/Debt,,Housing,Torts/Individuals,Consumer/Money/Debt,0.85,False,True,True,Trespassing or unauthorized entry into a dwelling
Kannada_sparse,5,ಎನ್ನ ನೆರೆಕರೆ ಎನ್ನ ಜಾಗ ದೆತ್ತ್‌ದೆ,My neighbor took my land,Land/Property,,Torts/Individuals,Housing,Courts/Legal-System,0.85,False,False,False,Someone entering your house without permission
Kannada_sparse,6,ಏರೋ ಎನನ್ ಬಡುತು ಪಾಡಿ ಬೊಕ್ಕ ಎನ್ನ ಕೈ ಬೆನೆ ಉಂಡು,After someone hit me with a stick my hand hurts,Torts/Individuals,,Torts/Individuals,Housing,Consumer/Money/Debt,0.85,True,True,False,Property damage caused by another person
Kannada_sparse,7,ಎನ್ನ ಧನಿ ಯಾನ್ ಪೋಡು ಪಂಡ ಪಂಡರೆ ಮಾತ್ರ ದಾಲ್ ಕಾರಣ ಕೊರ್ತಿಜ್ಜರ್,My boss told me to leave without any reason,Work/Employment,,Consumer/Money/Debt,Torts/Individuals,Housing,0.85,False,False,False,Dispute over money given to someone else
Kannada_sparse,8,ಯಾನ್ ಕಾಸು ಸಾಲ ಕೊರ್ತಿನ ಜನ ವಾಪಸ್ ಕೊರ್ತಿಜ್ಜರೆ,The person I lent money to is not returning it,Consumer/Money/Debt,,Consumer/Money/Debt,Torts/Individuals,Housing,0.85,True,True,False,Loan or borrowing of money
Kannada_sparse,9,ಎನ್ನ ಒಪ್ಪಿಗೆ ಇಜ್ಜಾಂದೆ ಏರೋ ಎನ್ನ ಇಲ್ಲ್‌ಗ್ ಬತ್ತೆ,Someone came into my house without my permission,Housing,Land/Property,Torts/Individuals,Housing,Work/Employment,0.85,False,True,True,Someone entered the person's house without permission
Kannada_sparse,10,ಅಕ್ಲೆಗ್ ಎಂಕುಲು ಏತ್ ನಿರ್ಣಯ ಮಲ್ತಿನ ಕಾಸು ಜಾಸ್ತಿ ಬೋಡು,They want more money than what we decided,Consumer/Money/Debt,,Consumer/Money/Debt,Housing,Torts/Individuals,0.85,True,True,False,Dispute over someone else's financial obligations
Kannada_sparse,11,ಎಂಕುಲು ಯೆಪ್ಪ ಮುಗಿಡು ಪಂಡ ನಿರ್ಣಯ ಮಲ್ಪೊನೆರ್ದ್ ದುಂಬು ಮುಗಿಯೆರೆ,They ended our agreement before the time we decided,Consumer/Money/Debt,Courts/Legal-System,Work/Employment,Courts/Legal-System,Torts/Individuals,0.85,False,True,True,Contractual dispute about premature termination
Kannada_sparse,12,ಯಾನ್ ಕಾಗಜಿದ ಮಿತ್ತ್ ಪುದರ್ ಪಾಡ್ಯೆ ಮಾತ್ರ ದಾದ ಬರೆದಿನ ಪಂಡ ಗೊತ್ತಿಜ್ಜಿ,I signed a paper but did not understand what it said,Courts/Legal-System,Consumer/Money/Debt,Courts/Legal-System,Torts/Individuals,Housing,0.85,True,True,False,Dispute over a written document that was not accepted
Kannada_sparse,13,ಯಾನ್ ಕಾಗಜಿದ ಮಿತ್ತ್ ಪುದರ್ ಪಾಡಿ ಬೊಕ್ಕ ಅಕುಲು ದಾದ ನಿರ್ಣಯ ಮಲ್ತೆರೆ ಪಂಡ ಮಲ್ತಿಜೆರೆ,After I signed the paper they did not do what they agreed to,Consumer/Money/Debt,,Courts/Legal-System,Housing,Torts/Individuals,0.95,False,False,False,Legal dispute over signed document
Kannada_sparse,14,ಎಂಕ್ ಓ ವಾ ಕೋರ್ಟ್‌ಗ್ ಪೋಡು ಪಂಡ ಗೊತ್ತಿಜ್ಜಿ,I don't know which court I should go to,Courts/Legal-System,,Courts/Legal-System,Housing,Torts/Individuals,0.95,True,True,False,The person is trying to go to court but doesn't know if they have a case.
Kannada_sparse,15,ಎಂಕ್ ಕಾಸು ಕೊರೊಡುಪಿನ ಜನ ಬೇತೆ ಜಾಗಡ್ ಉಲ್ಲರೆ,The person who owes me money is in a different place,Courts/Legal-System,Consumer/Money/Debt,Torts/Individuals,Housing,Land/Property,0.85,False,False,False,Unauthorized entry into someone's property
Kannada_sparse,16,ಎನ್ನ ನೆರೆಕರೆತ ನಾ ಮರ ಎನ್ನ ಇಲ್ಲ್‌ದ ಮಿತ್ತ್ ಬೂರುದು ಹಾಳ್ ಮಲ್ತ್ಂಡ್,My neighbor's tree fell on my house and damaged it,Torts/Individuals,Housing,Torts/Individuals,Housing,Land/Property,0.85,True,True,False,Property damage caused by another person
Kannada_sparse,17,ಏರೋ ಎನ್ನ ಜಾಗದ ಮಿತ್ತ್ ಕೆನ್ನಿಜ್ದೆ ಕುಲ್ಲುದು ಪೋಪುಜೆ,Someone is living on my land without asking and won't leave,Land/Property,Housing,Torts/Individuals,Housing,Courts/Legal-System,0.85,False,True,True,Unauthorized entry into someone's home
Kannada_sparse,18,ಬೇತೆ ಜನ ಅಕ್ಲೆನ ಸಾಮಾನ್ ದ ಮಿತ್ತ್ ಎನ್ನ ಪುದರ್ ಪಾಡ್‌ದ್ ಮರುವೆರ್,Someone is selling their things using my name,IP/Identity,,IP/Identity,Torts/Individuals,Housing,0.95,True,True,False,"The situation involves someone using another person's name without permission, which is a classic case of identity theft."
Kannada_sparse,19,ಎನ್ನ ಪರತ್ತ್ ಧನಿ ಎನನ್ ಪೊಸ ಬೇಲೆ ಶುರು ಮಲ್ಪೆರೆ ಒಂತಿಯೆರೆ,My old employer is stopping me from starting my own work,Work/Employment,,Torts/Individuals,Housing,Consumer/Money/Debt,0.85,False,False,False,Personal injury or property damage caused by another person
Kannada_sparse,20,ಎನ್ನ ಕುಟುಂಬ ಎನ್ನ ಅಪ್ಪೆ ತೀರ್ ಪೋಯಿ ಬೊಕ್ಕ ಕೊರ್ಪಿನ ದ ಜಾಗ ದೆತ್ತೆರೆ,After my father passed away my family took the land that was meant to be given to me,Estates/Wills,Land/Property,Estates/Wills,Land/Property,Torts/Individuals,0.95,True,True,False,Inheritance dispute after someone's passing
Kannada_full,1,ಎನ್ನ ಯಜಮಾನ ಎನ್ನ ಕಾಸು ವಾಪಸ್ ಕೊರ್ತಿಜ್ಜರೆ,My landlord did not give back my money,Housing,Consumer/Money/Debt,Housing,Consumer/Money/Debt,Torts/Individuals,0.85,True,True,False,Landlord-tenant deposit dispute
Kannada_full,2,ಎನ್ನ ಧನಿ ಈ ತಿಂಗೊಲು ಕಾಸು ಕೊರ್ತಿಜ್ಜರೆ,My employer did not pay me this month,Work/Employment,,Work/Employment,Consumer/Money/Debt,Housing,0.95,True,True,False,Employment dispute over unpaid wages
Kannada_full,3,ಏರೋ ಎನ್ನ ಬೈಲಿ ತುಂಡು ಮಲ್ತ್‌ದ್ ಎಡ್ಡೆ ಮಲ್ತಿಜ್ಜಿ,Someone broke my fence and did not fix it,Torts/Individuals,,Torts/Individuals,Housing,Land/Property,0.85,True,True,False,Property damage caused by another person
Kannada_full,4,ಯಾನ್ ಏರೆಗೋ ಕಾಸು ಕೊರಿ ಬೊಕ್ಕ ಆಲ್ ಪೋಯಲ್,I gave someone money and they disappeared,Consumer/Money/Debt,,Consumer/Money/Debt,Torts/Individuals,Housing,0.85,True,True,False,Money owed but not paid
Kannada_full,5,ಎನ್ನ ನೆರೆಕರೆ ಎನ್ನ ಜಾಗ ದೆತ್ತ್‌ದೆ,My neighbor took my land,Land/Property,,Land/Property,Torts/Individuals,Housing,0.95,True,True,False,Neighbor taking someone's land without permission
Kannada_full,6,ಏರೋ ಎನನ್ ಬಡುತು ಪಾಡಿ ಬೊಕ್ಕ ಎನ್ನ ಕೈ ಬೆನೆ ಉಂಡು,After someone hit me with a stick my hand hurts,Torts/Individuals,,Torts/Individuals,Housing,Consumer/Money/Debt,0.85,True,True,False,Personal injury caused by another person's actions
Kannada_full,7,ಎನ್ನ ಧನಿ ಯಾನ್ ಪೋಡು ಪಂಡ ಪಂಡರೆ ಮಾತ್ರ ದಾಲ್ ಕಾರಣ ಕೊರ್ತಿಜ್ಜರ್,My boss told me to leave without any reason,Work/Employment,,Work/Employment,Consumer/Money/Debt,Torts/Individuals,0.95,True,True,False,Employment dispute over unpaid wages
Kannada_full,8,ಯಾನ್ ಕಾಸು ಸಾಲ ಕೊರ್ತಿನ ಜನ ವಾಪಸ್ ಕೊರ್ತಿಜ್ಜರೆ,The person I lent money to is not returning it,Consumer/Money/Debt,,Consumer/Money/Debt,Torts/Individuals,Housing,0.90,True,True,False,The situation involves a loan or debt that has not been repaid.
Kannada_full,9,ಎನ್ನ ಒಪ್ಪಿಗೆ ಇಜ್ಜಾಂದೆ ಏರೋ ಎನ್ನ ಇಲ್ಲ್‌ಗ್ ಬತ್ತೆ,Someone came into my house without my permission,Housing,Land/Property,Torts/Individuals,Housing,Land/Property,0.90,False,True,True,Someone entered the person's house without permission
Kannada_full,10,ಅಕ್ಲೆಗ್ ಎಂಕುಲು ಏತ್ ನಿರ್ಣಯ ಮಲ್ತಿನ ಕಾಸು ಜಾಸ್ತಿ ಬೋಡು,They want more money than what we decided,Consumer/Money/Debt,,Consumer/Money/Debt,Housing,Torts/Individuals,0.85,True,True,False,Financial agreement or debt
Kannada_full,11,ಎಂಕುಲು ಯೆಪ್ಪ ಮುಗಿಡು ಪಂಡ ನಿರ್ಣಯ ಮಲ್ಪೊನೆರ್ದ್ ದುಂಬು ಮುಗಿಯೆರೆ,They ended our agreement before the time we decided,Consumer/Money/Debt,Courts/Legal-System,Work/Employment,Torts/Individuals,Courts/Legal-System,0.95,False,True,True,Wrongful dismissal without notice or reason
Kannada_full,12,ಯಾನ್ ಕಾಗಜಿದ ಮಿತ್ತ್ ಪುದರ್ ಪಾಡ್ಯೆ ಮಾತ್ರ ದಾದ ಬರೆದಿನ ಪಂಡ ಗೊತ್ತಿಜ್ಜಿ,I signed a paper but did not understand what it said,Courts/Legal-System,Consumer/Money/Debt,IP/Identity,Torts/Individuals,Consumer/Money/Debt,0.95,False,True,True,Unauthorized use of someone's name and signature
Kannada_full,13,ಯಾನ್ ಕಾಗಜಿದ ಮಿತ್ತ್ ಪುದರ್ ಪಾಡಿ ಬೊಕ್ಕ ಅಕುಲು ದಾದ ನಿರ್ಣಯ ಮಲ್ತೆರೆ ಪಂಡ ಮಲ್ತಿಜೆರೆ,After I signed the paper they did not do what they agreed to,Consumer/Money/Debt,,Courts/Legal-System,IP/Identity,Torts/Individuals,0.95,False,False,False,Unauthorized signing of a document without permission requires legal resolution
Kannada_full,14,ಎಂಕ್ ಓ ವಾ ಕೋರ್ಟ್‌ಗ್ ಪೋಡು ಪಂಡ ಗೊತ್ತಿಜ್ಜಿ,I don't know which court I should go to,Courts/Legal-System,,Courts/Legal-System,Housing,Torts/Individuals,0.95,True,True,False,Uncertainty about going to court and lack of knowledge
Kannada_full,15,ಎಂಕ್ ಕಾಸು ಕೊರೊಡುಪಿನ ಜನ ಬೇತೆ ಜಾಗಡ್ ಉಲ್ಲರೆ,The person who owes me money is in a different place,Courts/Legal-System,Consumer/Money/Debt,Land/Property,Torts/Individuals,Housing,0.95,False,False,False,Unauthorized occupation of someone's land
Kannada_full,16,ಎನ್ನ ನೆರೆಕರೆತ ನಾ ಮರ ಎನ್ನ ಇಲ್ಲ್‌ದ ಮಿತ್ತ್ ಬೂರುದು ಹಾಳ್ ಮಲ್ತ್ಂಡ್,My neighbor's tree fell on my house and damaged it,Torts/Individuals,Housing,Torts/Individuals,Land/Property,Housing,0.90,True,True,False,Personal property damage caused by another person's actions
Kannada_full,17,ಏರೋ ಎನ್ನ ಜಾಗದ ಮಿತ್ತ್ ಕೆನ್ನಿಜ್ದೆ ಕುಲ್ಲುದು ಪೋಪುಜೆ,Someone is living on my land without asking and won't leave,Land/Property,Housing,Land/Property,Torts/Individuals,Housing,0.95,True,True,False,Trespassing on someone else's land without permission
Kannada_full,18,ಬೇತೆ ಜನ ಅಕ್ಲೆನ ಸಾಮಾನ್ ದ ಮಿತ್ತ್ ಎನ್ನ ಪುದರ್ ಪಾಡ್‌ದ್ ಮರುವೆರ್,Someone is selling their things using my name,IP/Identity,,IP/Identity,Torts/Individuals,Courts/Legal-System,0.95,True,True,False,The situation involves someone using another person's name without permission.
Kannada_full,19,ಎನ್ನ ಪರತ್ತ್ ಧನಿ ಎನನ್ ಪೊಸ ಬೇಲೆ ಶುರು ಮಲ್ಪೆರೆ ಒಂತಿಯೆರೆ,My old employer is stopping me from starting my own work,Work/Employment,,Work/Employment,Consumer/Money/Debt,Housing,0.95,True,True,False,Non-payment of wages and unfair competition from the employer's new business
Kannada_full,20,ಎನ್ನ ಕುಟುಂಬ ಎನ್ನ ಅಪ್ಪೆ ತೀರ್ ಪೋಯಿ ಬೊಕ್ಕ ಕೊರ್ಪಿನ ದ ಜಾಗ ದೆತ್ತೆರೆ,After my father passed away my family took the land that was meant to be given to me,Estates/Wills,Land/Property,Estates/Wills,Land/Property,Housing,0.95,True,True,False,Inheritance dispute over family land
