condition,id,display_text,english_gloss,retrieval_query,list_primary,list_secondary,pred_top1,pred_top2,pred_top3,top1_confidence,hits1,hits3,partial_credit,top_retrieval_score,top_retrieved_case,retrieved_doc_names,top1_reasoning
A_WithGloss,1,enna yejamaana enna kas wapas koryiijare,My landlord did not give back my money,My landlord did not give back my money,Housing,Consumer/Money/Debt,Consumer/Money/Debt,Housing,Torts/Individuals,0.90,False,True,True,0.8327,R.K. Usha Devi vs. Akash V. Patil,R.K. Usha Devi | Sridhar P. | Premalatha,The situation involves a dispute over payment and the lack of return of funds.
A_WithGloss,2,enna dhani i thingoal kas koryijare,My employer did not pay me this month,My employer did not pay me this month,Work/Employment,,Work/Employment,Consumer/Money/Debt,Torts/Individuals,0.90,True,True,False,0.8182,Sridhar P. vs. Ramesh,Sridhar P. | Daneshwari | R.K. Usha Devi,The situation revolves around the person's employment and non-payment of salary.
A_WithGloss,3,yera enna bailee tundu maltd'd eddae maltijji,Someone broke my fence and did not fix it,Someone broke my fence and did not fix it,Torts/Individuals,,Torts/Individuals,Land/Property,Housing,0.90,True,True,False,0.8156,R.K. Usha Devi vs. Akash V. Patil,R.K. Usha Devi | Ravishankara G.K. | State,The person's problem involves someone else causing harm to their property.
A_WithGloss,4,yan yera-g kas kori boca al poyal,I gave someone money and they disappeared,I gave someone money and they disappeared,Consumer/Money/Debt,,Consumer/Money/Debt,Torts/Individuals,Housing,0.90,True,True,False,0.8323,R.K. Usha Devi vs. Akash V. Patil,R.K. Usha Devi | Dr. Alfred Aranha | Nikitha A.,The situation involves a financial transaction gone wrong.
A_WithGloss,5,enna nerakare enna jagga detae,My neighbor took my land,My neighbor took my land,Land/Property,,Land/Property,Torts/Individuals,Courts/Legal-System,0.90,True,True,False,0.8183,Premalatha vs. Rathan Kumar B.V.,Premalatha | Nikitha A. | Dr. Alfred Aranha,The situation involves a dispute over ownership and possession of a piece of land.
A_WithGloss,6,yera enan badutu padi boca enna kai benae undu,After someone hit me with a stick my hand hurts,After someone hit me with a stick my hand hurts,Torts/Individuals,,Torts/Individuals,Housing,Housing,0.90,True,True,False,0.8218,State vs. M. Shanthilal Manikylal,State | R.K. Usha Devi | Dr. Alfred Aranha,"The situation involves physical harm caused by another individual's actions, which falls under the realm of tort law."
A_WithGloss,7,enna dhani yan podu panda pandare matra dal karana kori-ijjar,My boss told me to leave without any reason,My boss told me to leave without any reason,Work/Employment,,Work/Employment,Torts/Individuals,Courts/Legal-System,0.90,True,True,False,0.8161,Shanty Kokoth vs. Shankar Ganesh P.J.,Shanty Kokoth | State | Daneshwari,The situation involves an employment-related issue (being asked to leave by one's boss) that is not related to other categories.
A_WithGloss,8,yan kas sala kenuna jana wapas koryijare,The person I lent money to is not returning it,The person I lent money to is not returning it,Consumer/Money/Debt,,Consumer/Money/Debt,Torts/Individuals,Courts/Legal-System,0.90,True,True,False,0.8396,R.K. Usha Devi vs. Akash V. Patil,R.K. Usha Devi | Dr. Alfred Aranha | Sridhar P.,"The situation involves lending and borrowing of money, which falls under the broader category of consumer finance."
A_WithGloss,9,enna oppigay ijjandae yera enna ille-g battae,Someone came into my house without my permission,Someone came into my house without my permission,Housing,Land/Property,Torts/Individuals,Housing,Courts/Legal-System,0.90,False,True,True,0.8384,Amith Ramachandra vs. Shantha,Amith Ramachandra | R.K. Usha Devi | State,Unauthorized entry into someone's property
A_WithGloss,10,akleg enkulu yette nirnaya maltina kas jasti bodu,They want more money than what we decided,They want more money than what we decided,Consumer/Money/Debt,,Torts/Individuals,Consumer/Money/Debt,Housing,0.90,False,True,True,0.8302,Sridhar P. vs. Ramesh,Sridhar P. | Manju K | Nikitha A.,The situation involves a dispute between two individuals over a financial matter.
A_WithGloss,11,enkulu yeppa mugiodu panda nirnaya malponaid dumbu mugiyere,They ended our agreement before the time we decided,They ended our agreement before the time we decided,Consumer/Money/Debt,Courts/Legal-System,Courts/Legal-System,Housing,Work/Employment,0.80,False,True,True,0.8201,Dr. Alfred Aranha vs. Sahel Peter Aranha,Dr. Alfred Aranha | Amith Ramachandra | Daneshwari,"The situation involves an agreement being ended prematurely, which likely requires legal intervention or guidance to resolve."
A_WithGloss,12,yan kakaji-da mittae pudar padyae matra dadae baryina panda gothiji,I signed a paper but did not understand what it said,I signed a paper but did not understand what it said,Courts/Legal-System,Consumer/Money/Debt,Torts/Individuals,Consumer/Money/Debt,Courts/Legal-System,0.90,False,True,True,0.8236,Sridhar P. vs. Ramesh,Sridhar P. | Gagan B.S. | Nikitha A.,"The situation involves an individual signing a document without understanding its implications, which could potentially lead to legal consequences or disputes."
A_WithGloss,13,yan kakaji-da mitte pudar padi boca akulu dadae nirnaya maltere panda maltijere,After I signed the paper they did not do what they agreed to,After I signed the paper they did not do what they agreed to,Consumer/Money/Debt,,Torts/Individuals,Consumer/Money/Debt,Courts/Legal-System,0.90,False,True,True,0.8289,State vs. M. Shanthilal Manikylal,State | R.K. Usha Devi | Sridhar P.,The situation involves a breach of agreement or promise.
A_WithGloss,14,enk wo court-g podu panda gothiji,I don't know which court I should go to,I don't know which court I should go to,Courts/Legal-System,,Courts/Legal-System,Torts/Individuals,Consumer/Money/Debt,0.90,True,True,False,0.8249,Dr. Alfred Aranha vs. Sahel Peter Aranha,Dr. Alfred Aranha | Akkamma | Sadashiva Shetty,The situation involves navigating the legal system and finding the correct court to resolve an issue.
A_WithGloss,15,enk kas korodu-na jana betae jagga ullare,The person who owes me money is in a different place,The person who owes me money is in a different place,Courts/Legal-System,Consumer/Money/Debt,Consumer/Money/Debt,Torts/Individuals,Housing,0.90,False,True,True,0.8362,Nikitha A. vs. Santhosh Ghatke,Nikitha A. | Sridhar P. | R.K. Usha Devi,The primary issue is about someone owing money to the person.
A_WithGloss,16,enna neerekare-na mara enna ille-da mitte burud'd hal maltinde,My neighbor's tree fell on my house and damaged it,My neighbor's tree fell on my house and damaged it,Torts/Individuals,Housing,Torts/Individuals,Housing,Land/Property,0.90,True,True,False,0.8088,Amith Ramachandra vs. Shantha,Amith Ramachandra | Ravishankara G.K. | Dr. Alfred Aranha,"The situation involves harm caused by one individual to another, which falls under tort law."
A_WithGloss,17,yera enna jagga-da mittae kenijja culud'd popujae,Someone is living on my land without asking and won't leave,Someone is living on my land without asking and won't leave,Land/Property,Housing,Land/Property,Torts/Individuals,Work/Employment,0.90,True,True,False,0.8250,Amith Ramachandra vs. Shantha,Amith Ramachandra | Dr. Alfred Aranha | Premalatha,The situation involves a dispute over ownership or possession of land.
A_WithGloss,18,betae jana aklena samanda mitte enna pudar pad'd maruwae,Someone is selling their things using my name,Someone is selling their things using my name,IP/Identity,,Torts/Individuals,Consumer/Money/Debt,IP/Identity,0.90,False,True,True,0.8226,Dr. Alfred Aranha vs. Sahel Peter Aranha,Dr. Alfred Aranha | Amith Ramachandra | Sridhar P.,"The situation involves an individual's personal property being used without their consent, which falls under tort law."
A_WithGloss,19,enna parat dhoni enan posa belae soor malpere ontaiyare,My old employer is stopping me from starting my own work,My old employer is stopping me from starting my own work,Work/Employment,,Work/Employment,Torts/Individuals,Courts/Legal-System,0.90,True,True,False,0.8182,State vs. Sudhakar Pai (Manipal Advertising),State | Premalatha | Nikitha A.,The situation involves an individual's employment and their ability to start their own work being restricted by their previous employer.
A_WithGloss,20,enna kotumba enna popae tir poyi boca enk korpina da jagga detere,After my father passed away my family took the land that was meant to be given to me,After my father passed away my family took the land that was meant to be given to me,Estates/Wills,Land/Property,Land/Property,Torts/Individuals,Courts/Legal-System,0.90,False,True,True,0.8242,Gagan B.S. vs. Shivamurthy T.,Gagan B.S. | Amith Ramachandra | Sadashiva Shetty,The situation involves a dispute over land that was meant to be given to the person after their father's passing.
B_TuluOnly,1,enna yejamaana enna kas wapas koryiijare,My landlord did not give back my money,enna yejamaana enna kas wapas koryiijare,Housing,Consumer/Money/Debt,Estates/Wills,Courts/Legal-System,Torts/Individuals,0.80,False,False,False,0.8482,Amith Ramachandra vs. Shantha,Amith Ramachandra | Akkamma | Vishwajit Umesh Naik,The situation involves a dispute over living arrangements and possibly property or assets.
B_TuluOnly,2,enna dhani i thingoal kas koryijare,My employer did not pay me this month,enna dhani i thingoal kas koryijare,Work/Employment,,Consumer/Money/Debt,Housing,Work/Employment,0.90,False,True,True,0.8505,Gagan B.S. vs. Shivamurthy T.,Gagan B.S. | Sridhar P. | Vishwajit Umesh Naik,The situation revolves around the individual's financial struggles and lack of funds.
B_TuluOnly,3,yera enna bailee tundu maltd'd eddae maltijji,Someone broke my fence and did not fix it,yera enna bailee tundu maltd'd eddae maltijji,Torts/Individuals,,Estates/Wills,Land/Property,Torts/Individuals,0.80,False,True,True,0.8474,Shanty Kokoth vs. Shankar Ganesh P.J.,Shanty Kokoth | Premalatha | Dr. Alfred Aranha,"The situation involves a dispute over property rights, which is a common issue in this category."
B_TuluOnly,4,yan yera-g kas kori boca al poyal,I gave someone money and they disappeared,yan yera-g kas kori boca al poyal,Consumer/Money/Debt,,Estates/Wills,Land/Property,Torts/Individuals,0.80,False,False,False,0.8295,Sridhar P. vs. Ramesh,Sridhar P. | Amith Ramachandra | Dr. Alfred Aranha,"The phrase 'yan yera-g kas kori boca al poyal' suggests a dispute or issue related to inheritance or property rights, which is consistent with the Estates/Wills category."
B_TuluOnly,5,enna nerakare enna jagga detae,My neighbor took my land,enna nerakare enna jagga detae,Land/Property,,Housing,Torts/Individuals,Consumer/Money/Debt,0.80,False,False,False,0.8615,Neelamegham vs. Assistant Commissioner & Special LAO,Neelamegham | Amith Ramachandra | Dr. Alfred Aranha,"The situation appears to be related to the person's family or household, which is a common concern in housing matters."
B_TuluOnly,6,yera enan badutu padi boca enna kai benae undu,After someone hit me with a stick my hand hurts,yera enan badutu padi boca enna kai benae undu,Torts/Individuals,,Torts/Individuals,Housing,Land/Property,0.90,True,True,False,0.8630,Amith Ramachandra vs. Shantha,Amith Ramachandra | Daneshwari | Nikitha A.,The situation appears to involve a personal dispute over property or inheritance rights.
B_TuluOnly,7,enna dhani yan podu panda pandare matra dal karana kori-ijjar,My boss told me to leave without any reason,enna dhani yan podu panda pandare matra dal karana kori-ijjar,Work/Employment,,Consumer/Money/Debt,Courts/Legal-System,Torts/Individuals,0.80,False,False,False,0.8655,Daneshwari vs. Raghavendra Mathapati,Daneshwari | Sridhar P. | Sadashiva Shetty,"The situation appears to be related to financial issues, specifically a check bouncing due to insufficient funds."
B_TuluOnly,8,yan kas sala kenuna jana wapas koryijare,The person I lent money to is not returning it,yan kas sala kenuna jana wapas koryijare,Consumer/Money/Debt,,Land/Property,Torts/Individuals,Courts/Legal-System,0.90,False,False,False,0.8466,Amith Ramachandra vs. Shantha,Amith Ramachandra | Sadashiva Shetty | Dr. Alfred Aranha,The situation involves a dispute over property rights.
B_TuluOnly,9,enna oppigay ijjandae yera enna ille-g battae,Someone came into my house without my permission,enna oppigay ijjandae yera enna ille-g battae,Housing,Land/Property,Land/Property,Torts/Individuals,Courts/Legal-System,0.90,False,True,True,0.8436,Dr. Alfred Aranha vs. Sahel Peter Aranha,Dr. Alfred Aranha | Shanty Kokoth | Dr. Alfred Aranha,The situation involves uncertainty about something related to the person's property.
B_TuluOnly,10,akleg enkulu yette nirnaya maltina kas jasti bodu,They want more money than what we decided,akleg enkulu yette nirnaya maltina kas jasti bodu,Consumer/Money/Debt,,Torts/Individuals,Courts/Legal-System,Work/Employment,0.90,False,False,False,0.8428,Akkamma vs. Ramesh Patil,Akkamma | Dr. Alfred Aranha | Amith Ramachandra,"The situation involves a personal dispute between individuals, specifically regarding WhatsApp messages."
B_TuluOnly,11,enkulu yeppa mugiodu panda nirnaya malponaid dumbu mugiyere,They ended our agreement before the time we decided,enkulu yeppa mugiodu panda nirnaya malponaid dumbu mugiyere,Consumer/Money/Debt,Courts/Legal-System,Courts/Legal-System,Torts/Individuals,IP/Identity,0.50,False,True,True,0.8541,State vs. M. Shanthilal Manikylal,State | Dr. Alfred Aranha | Neelamegham,"The situation involves an unknown problem, which might be related to legal proceedings or court involvement."
B_TuluOnly,12,yan kakaji-da mittae pudar padyae matra dadae baryina panda gothiji,I signed a paper but did not understand what it said,yan kakaji-da mittae pudar padyae matra dadae baryina panda gothiji,Courts/Legal-System,Consumer/Money/Debt,Consumer/Money/Debt,Torts/Individuals,Housing,0.90,False,True,True,0.8616,Daneshwari vs. Raghavendra Mathapati,Daneshwari | Akkamma | Sadashiva Shetty,"The situation involves issues with property, inheritance, and financial matters."
B_TuluOnly,13,yan kakaji-da mitte pudar padi boca akulu dadae nirnaya maltere panda maltijere,After I signed the paper they did not do what they agreed to,yan kakaji-da mitte pudar padi boca akulu dadae nirnaya maltere panda maltijere,Consumer/Money/Debt,,Consumer/Money/Debt,Courts/Legal-System,Housing,0.80,True,True,False,0.8486,Akkamma vs. Ramesh Patil,Akkamma | Manju K | Sadashiva Shetty,The situation appears to involve a dispute over a financial or property-related matter.
B_TuluOnly,14,enk wo court-g podu panda gothiji,I don't know which court I should go to,enk wo court-g podu panda gothiji,Courts/Legal-System,,Courts/Legal-System,Torts/Individuals,IP/Identity,0.90,True,True,False,0.8638,Daneshwari vs. Raghavendra Mathapati,Daneshwari | Akkamma | State,The situation involves going to court and dealing with some kind of issue.
B_TuluOnly,15,enk kas korodu-na jana betae jagga ullare,The person who owes me money is in a different place,enk kas korodu-na jana betae jagga ullare,Courts/Legal-System,Consumer/Money/Debt,Torts/Individuals,Courts/Legal-System,Land/Property,0.90,False,True,True,0.8628,Amith Ramachandra vs. Shantha,Amith Ramachandra | Dr. Alfred Aranha | State,"The situation involves a dispute between individuals over property or land, which falls under the realm of tort law."
B_TuluOnly,16,enna neerekare-na mara enna ille-da mitte burud'd hal maltinde,My neighbor's tree fell on my house and damaged it,enna neerekare-na mara enna ille-da mitte burud'd hal maltinde,Torts/Individuals,Housing,Land/Property,Torts/Individuals,Courts/Legal-System,0.90,False,True,True,0.8417,State vs. Sudhakar Pai (Manipal Advertising),State | Nikitha A. | Neelamegham,The situation involves a dispute over property rights and ownership.
B_TuluOnly,17,yera enna jagga-da mittae kenijja culud'd popujae,Someone is living on my land without asking and won't leave,yera enna jagga-da mittae kenijja culud'd popujae,Land/Property,Housing,Torts/Individuals,Housing,Work/Employment,0.80,False,True,True,0.8423,Neelamegham vs. Assistant Commissioner & Special LAO,Neelamegham | Amith Ramachandra | Akkamma,"The situation appears to involve a dispute or conflict between two individuals (the speaker and their spouse), which is typical of tort cases."
B_TuluOnly,18,betae jana aklena samanda mitte enna pudar pad'd maruwae,Someone is selling their things using my name,betae jana aklena samanda mitte enna pudar pad'd maruwae,IP/Identity,,Torts/Individuals,Courts/Legal-System,Work/Employment,0.80,False,False,False,0.8583,Akkamma vs. Ramesh Patil,Akkamma | Sadashiva Shetty | Amith Ramachandra,"The situation involves a personal issue and potential harm to an individual (betae jana aklena samanda mitte enna pudar pad'd maruwae), which suggests a tort or individual rights issue."
B_TuluOnly,19,enna parat dhoni enan posa belae soor malpere ontaiyare,My old employer is stopping me from starting my own work,enna parat dhoni enan posa belae soor malpere ontaiyare,Work/Employment,,Torts/Individuals,Courts/Legal-System,Work/Employment,0.90,False,True,True,0.8608,Nikitha A. vs. Santhosh Ghatke,Nikitha A. | State | Amith Ramachandra,"The situation appears to be a personal dispute or injury caused by another individual, which fits the Torts/Individuals category."
B_TuluOnly,20,enna kotumba enna popae tir poyi boca enk korpina da jagga detere,After my father passed away my family took the land that was meant to be given to me,enna kotumba enna popae tir poyi boca enk korpina da jagga detere,Estates/Wills,Land/Property,Housing,Consumer/Money/Debt,Torts/Individuals,0.80,False,False,False,0.8484,Amith Ramachandra vs. Shantha,Amith Ramachandra | Akkamma | Neelamegham,"The situation appears to be related to a family's living arrangements and property ownership, with mentions of 'shrirakkeppada' (a type of house) and 'maduve kala' (marriage)."
C_Phase1Priming,1,enna yejamaana enna kas wapas koryiijare,My landlord did not give back my money,enna yejamaana enna kas wapas koryiijare,Housing,Consumer/Money/Debt,Estates/Wills,Courts/Legal-System,Torts/Individuals,0.80,False,False,False,0.8482,Amith Ramachandra vs. Shantha,Amith Ramachandra | Akkamma | Vishwajit Umesh Naik,The situation involves disputes over property rights and inheritance.
C_Phase1Priming,2,enna dhani i thingoal kas koryijare,My employer did not pay me this month,enna dhani i thingoal kas koryijare,Work/Employment,,Consumer/Money/Debt,Courts/Legal-System,Torts/Individuals,0.80,False,False,False,0.8505,Gagan B.S. vs. Shivamurthy T.,Gagan B.S. | Sridhar P. | Vishwajit Umesh Naik,"The situation appears to be related to a financial issue, as the person is facing a problem with insufficient funds and seems to be struggling to manage their finances."
C_Phase1Priming,3,yera enna bailee tundu maltd'd eddae maltijji,Someone broke my fence and did not fix it,yera enna bailee tundu maltd'd eddae maltijji,Torts/Individuals,,Estates/Wills,Torts/Individuals,Land/Property,0.80,False,True,True,0.8474,Shanty Kokoth vs. Shankar Ganesh P.J.,Shanty Kokoth | Premalatha | Dr. Alfred Aranha,The situation involves a possible dispute over property rights and inheritance.
C_Phase1Priming,4,yan yera-g kas kori boca al poyal,I gave someone money and they disappeared,yan yera-g kas kori boca al poyal,Consumer/Money/Debt,,Estates/Wills,Torts/Individuals,Courts/Legal-System,0.90,False,False,False,0.8295,Sridhar P. vs. Ramesh,Sridhar P. | Amith Ramachandra | Dr. Alfred Aranha,The situation appears to involve disputes over property and inheritance.
C_Phase1Priming,5,enna nerakare enna jagga detae,My neighbor took my land,enna nerakare enna jagga detae,Land/Property,,Estates/Wills,Torts/Individuals,Courts/Legal-System,0.80,False,False,False,0.8615,Neelamegham vs. Assistant Commissioner & Special LAO,Neelamegham | Amith Ramachandra | Dr. Alfred Aranha,"The situation appears to be related to family or household matters, which are typically governed by laws of inheritance and property rights."
C_Phase1Priming,6,yera enan badutu padi boca enna kai benae undu,After someone hit me with a stick my hand hurts,yera enan badutu padi boca enna kai benae undu,Torts/Individuals,,Torts/Individuals,Land/Property,Housing,0.90,True,True,False,0.8630,Amith Ramachandra vs. Shantha,Amith Ramachandra | Daneshwari | Nikitha A.,The situation appears to involve a family dispute over property or inheritance rights.
C_Phase1Priming,7,enna dhani yan podu panda pandare matra dal karana kori-ijjar,My boss told me to leave without any reason,enna dhani yan podu panda pandare matra dal karana kori-ijjar,Work/Employment,,Consumer/Money/Debt,Courts/Legal-System,Torts/Individuals,0.80,False,False,False,0.8655,Daneshwari vs. Raghavendra Mathapati,Daneshwari | Sridhar P. | Sadashiva Shetty,"The situation appears to be related to financial difficulties and debt, as the person is facing a problem with insufficient funds."
C_Phase1Priming,8,yan kas sala kenuna jana wapas koryijare,The person I lent money to is not returning it,yan kas sala kenuna jana wapas koryijare,Consumer/Money/Debt,,Land/Property,Courts/Legal-System,Torts/Individuals,0.90,False,False,False,0.8466,Amith Ramachandra vs. Shantha,Amith Ramachandra | Sadashiva Shetty | Dr. Alfred Aranha,The situation involves a dispute over property rights and shares in a specific schedule property.
C_Phase1Priming,9,enna oppigay ijjandae yera enna ille-g battae,Someone came into my house without my permission,enna oppigay ijjandae yera enna ille-g battae,Housing,Land/Property,Work/Employment,Torts/Individuals,Courts/Legal-System,0.90,False,False,False,0.8436,Dr. Alfred Aranha vs. Sahel Peter Aranha,Dr. Alfred Aranha | Shanty Kokoth | Dr. Alfred Aranha,"The situation involves a resignation or termination of service, which is typical of employment-related issues."
C_Phase1Priming,10,akleg enkulu yette nirnaya maltina kas jasti bodu,They want more money than what we decided,akleg enkulu yette nirnaya maltina kas jasti bodu,Consumer/Money/Debt,,Torts/Individuals,Courts/Legal-System,Work/Employment,0.90,False,False,False,0.8428,Akkamma vs. Ramesh Patil,Akkamma | Dr. Alfred Aranha | Amith Ramachandra,"The situation involves a child's involvement in sharing private messages, which suggests a potential tort or legal issue."
C_Phase1Priming,11,enkulu yeppa mugiodu panda nirnaya malponaid dumbu mugiyere,They ended our agreement before the time we decided,enkulu yeppa mugiodu panda nirnaya malponaid dumbu mugiyere,Consumer/Money/Debt,Courts/Legal-System,Land/Property,Courts/Legal-System,Torts/Individuals,0.80,False,True,True,0.8541,State vs. M. Shanthilal Manikylal,State | Dr. Alfred Aranha | Neelamegham,"The situation appears to be related to a dispute or issue with land or property, as it involves the concept of 'nirnaya' (decision) and 'malponaid' (land), which suggests a conflict over ownership or possession."
C_Phase1Priming,12,yan kakaji-da mittae pudar padyae matra dadae baryina panda gothiji,I signed a paper but did not understand what it said,yan kakaji-da mittae pudar padyae matra dadae baryina panda gothiji,Courts/Legal-System,Consumer/Money/Debt,Housing,Torts/Individuals,Courts/Legal-System,0.90,False,True,True,0.8616,Daneshwari vs. Raghavendra Mathapati,Daneshwari | Akkamma | Sadashiva Shetty,The situation involves a family matter related to marriage and living arrangements.
C_Phase1Priming,13,yan kakaji-da mitte pudar padi boca akulu dadae nirnaya maltere panda maltijere,After I signed the paper they did not do what they agreed to,yan kakaji-da mitte pudar padi boca akulu dadae nirnaya maltere panda maltijere,Consumer/Money/Debt,,Consumer/Money/Debt,Courts/Legal-System,Torts/Individuals,0.90,True,True,False,0.8486,Akkamma vs. Ramesh Patil,Akkamma | Manju K | Sadashiva Shetty,The situation involves a dispute over property and financial issues.
C_Phase1Priming,14,enk wo court-g podu panda gothiji,I don't know which court I should go to,enk wo court-g podu panda gothiji,Courts/Legal-System,,Courts/Legal-System,Torts/Individuals,IP/Identity,0.90,True,True,False,0.8638,Daneshwari vs. Raghavendra Mathapati,Daneshwari | Akkamma | State,The situation involves going to court and dealing with some kind of issue or dispute.
C_Phase1Priming,15,enk kas korodu-na jana betae jagga ullare,The person who owes me money is in a different place,enk kas korodu-na jana betae jagga ullare,Courts/Legal-System,Consumer/Money/Debt,Torts/Individuals,Courts/Legal-System,IP/Identity,0.90,False,True,True,0.8628,Amith Ramachandra vs. Shantha,Amith Ramachandra | Dr. Alfred Aranha | State,The situation involves a personal dispute over property rights.
C_Phase1Priming,16,enna neerekare-na mara enna ille-da mitte burud'd hal maltinde,My neighbor's tree fell on my house and damaged it,enna neerekare-na mara enna ille-da mitte burud'd hal maltinde,Torts/Individuals,Housing,Consumer/Money/Debt,Courts/Legal-System,Land/Property,0.80,False,False,False,0.8417,State vs. Sudhakar Pai (Manipal Advertising),State | Nikitha A. | Neelamegham,"The situation appears to be related to financial issues, with phrases like 'ಅಕ್ರಮವಾಗಿ ಹಣ' and 'ಪಡೆಯಲು ಮತ್ತು ಹಗೆ ಸಾಧಿಸಲು'. This suggests a problem with money or debt."
C_Phase1Priming,17,yera enna jagga-da mittae kenijja culud'd popujae,Someone is living on my land without asking and won't leave,yera enna jagga-da mittae kenijja culud'd popujae,Land/Property,Housing,Torts/Individuals,Land/Property,Courts/Legal-System,0.80,False,True,True,0.8423,Neelamegham vs. Assistant Commissioner & Special LAO,Neelamegham | Amith Ramachandra | Akkamma,"The situation involves a marital dispute and personal injury, which is the primary focus."
C_Phase1Priming,18,betae jana aklena samanda mitte enna pudar pad'd maruwae,Someone is selling their things using my name,betae jana aklena samanda mitte enna pudar pad'd maruwae,IP/Identity,,Torts/Individuals,Courts/Legal-System,Work/Employment,0.90,False,False,False,0.8583,Akkamma vs. Ramesh Patil,Akkamma | Sadashiva Shetty | Amith Ramachandra,"The situation involves someone else's property being taken away without their consent, which falls under the category of torts involving individuals."
C_Phase1Priming,19,enna parat dhoni enan posa belae soor malpere ontaiyare,My old employer is stopping me from starting my own work,enna parat dhoni enan posa belae soor malpere ontaiyare,Work/Employment,,Torts/Individuals,Courts/Legal-System,Work/Employment,0.90,False,True,True,0.8608,Nikitha A. vs. Santhosh Ghatke,Nikitha A. | State | Amith Ramachandra,The situation appears to involve a dispute between individuals regarding ownership or possession of something.
C_Phase1Priming,20,enna kotumba enna popae tir poyi boca enk korpina da jagga detere,After my father passed away my family took the land that was meant to be given to me,enna kotumba enna popae tir poyi boca enk korpina da jagga detere,Estates/Wills,Land/Property,Housing,Consumer/Money/Debt,Torts/Individuals,0.80,False,False,False,0.8484,Amith Ramachandra vs. Shantha,Amith Ramachandra | Akkamma | Neelamegham,"The person is discussing their father's house and their plans to move in with them after marriage, which suggests a housing-related issue."
D_KannadaScript,1,ಎನ್ನ ಯಜಮಾನ ಎನ್ನ ಕಾಸು ವಾಪಸ್ ಕೊರ್ತಿಜ್ಜರೆ,My landlord did not give back my money,ಎನ್ನ ಯಜಮಾನ ಎನ್ನ ಕಾಸು ವಾಪಸ್ ಕೊರ್ತಿಜ್ಜರೆ,Housing,Consumer/Money/Debt,Consumer/Money/Debt,Housing,Torts/Individuals,0.90,False,True,True,0.9172,Vishwajit Umesh Naik vs. Pranjal Vishwajit Naik,Vishwajit Umesh Naik | Nikitha A. | Dr. Alfred Aranha,The person is struggling to pay off a debt owed by their landlord.
D_KannadaScript,2,ಎನ್ನ ಧನಿ ಈ ತಿಂಗೊಲು ಕಾಸು ಕೊರ್ತಿಜ್ಜರೆ,My employer did not pay me this month,ಎನ್ನ ಧನಿ ಈ ತಿಂಗೊಲು ಕಾಸು ಕೊರ್ತಿಜ್ಜರೆ,Work/Employment,,Consumer/Money/Debt,Courts/Legal-System,Torts/Individuals,0.90,False,False,False,0.9192,Gagan B.S. vs. Shivamurthy T.,Gagan B.S. | State | Sadashiva Shetty,The situation involves debt and financial issues.
D_KannadaScript,3,ಏರೋ ಎನ್ನ ಬೈಲಿ ತುಂಡು ಮಲ್ತ್‌ದ್ ಎಡ್ಡೆ ಮಲ್ತಿಜ್ಜಿ,Someone broke my fence and did not fix it,ಏರೋ ಎನ್ನ ಬೈಲಿ ತುಂಡು ಮಲ್ತ್‌ದ್ ಎಡ್ಡೆ ಮಲ್ತಿಜ್ಜಿ,Torts/Individuals,,Land/Property,Torts/Individuals,Consumer/Money/Debt,0.90,False,True,True,0.9203,Amith Ramachandra vs. Shantha,Amith Ramachandra | Dr. Alfred Aranha | Akkamma,The situation involves a dispute over land or property.
D_KannadaScript,4,ಯಾನ್ ಏರೆಗೋ ಕಾಸು ಕೊರಿ ಬೊಕ್ಕ ಆಲ್ ಪೋಯಲ್,I gave someone money and they disappeared,ಯಾನ್ ಏರೆಗೋ ಕಾಸು ಕೊರಿ ಬೊಕ್ಕ ಆಲ್ ಪೋಯಲ್,Consumer/Money/Debt,,Estates/Wills,Land/Property,Housing,0.90,False,False,False,0.9198,Amith Ramachandra vs. Shantha,Amith Ramachandra | Dr. Alfred Aranha | Dr. Alfred Aranha,"The situation involves accessing or dealing with a property, which is typically related to estates and wills."
D_KannadaScript,5,ಎನ್ನ ನೆರೆಕರೆ ಎನ್ನ ಜಾಗ ದೆತ್ತ್‌ದೆ,My neighbor took my land,ಎನ್ನ ನೆರೆಕರೆ ಎನ್ನ ಜಾಗ ದೆತ್ತ್‌ದೆ,Land/Property,,Land/Property,Courts/Legal-System,Torts/Individuals,0.90,True,True,False,0.9190,Nikitha A. vs. Santhosh Ghatke,Nikitha A. | Dr. Alfred Aranha | Gagan B.S.,The situation revolves around disputes related to property ownership and inheritance.
D_KannadaScript,6,ಏರೋ ಎನನ್ ಬಡುತು ಪಾಡಿ ಬೊಕ್ಕ ಎನ್ನ ಕೈ ಬೆನೆ ಉಂಡು,After someone hit me with a stick my hand hurts,ಏರೋ ಎನನ್ ಬಡುತು ಪಾಡಿ ಬೊಕ್ಕ ಎನ್ನ ಕೈ ಬೆನೆ ಉಂಡು,Torts/Individuals,,Consumer/Money/Debt,Torts/Individuals,Work/Employment,0.80,False,True,True,0.9235,Amith Ramachandra vs. Shantha,Amith Ramachandra | Dr. Alfred Aranha | Shanty Kokoth,The situation appears to be related to financial difficulties and struggles with making payments.
D_KannadaScript,7,ಎನ್ನ ಧನಿ ಯಾನ್ ಪೋಡು ಪಂಡ ಪಂಡರೆ ಮಾತ್ರ ದಾಲ್ ಕಾರಣ ಕೊರ್ತಿಜ್ಜರ್,My boss told me to leave without any reason,ಎನ್ನ ಧನಿ ಯಾನ್ ಪೋಡು ಪಂಡ ಪಂಡರೆ ಮಾತ್ರ ದಾಲ್ ಕಾರಣ ಕೊರ್ತಿಜ್ಜರ್,Work/Employment,,Land/Property,Courts/Legal-System,Torts/Individuals,0.90,False,False,False,0.9235,Daneshwari vs. Raghavendra Mathapati,Daneshwari | Manju K | Gagan B.S.,The situation involves disputes over property rights and inheritance.
D_KannadaScript,8,ಯಾನ್ ಕಾಸು ಸಾಲ ಕೊರ್ತಿನ ಜನ ವಾಪಸ್ ಕೊರ್ತಿಜ್ಜರೆ,The person I lent money to is not returning it,ಯಾನ್ ಕಾಸು ಸಾಲ ಕೊರ್ತಿನ ಜನ ವಾಪಸ್ ಕೊರ್ತಿಜ್ಜರೆ,Consumer/Money/Debt,,Consumer/Money/Debt,Torts/Individuals,Courts/Legal-System,0.90,True,True,False,0.9098,Dr. Alfred Aranha vs. Sahel Peter Aranha,Dr. Alfred Aranha | Vishwajit Umesh Naik | Sridhar P.,The situation involves a debt issue where the person borrowed money and is being asked to repay it with interest.
D_KannadaScript,9,ಎನ್ನ ಒಪ್ಪಿಗೆ ಇಜ್ಜಾಂದೆ ಏರೋ ಎನ್ನ ಇಲ್ಲ್‌ಗ್ ಬತ್ತೆ,Someone came into my house without my permission,ಎನ್ನ ಒಪ್ಪಿಗೆ ಇಜ್ಜಾಂದೆ ಏರೋ ಎನ್ನ ಇಲ್ಲ್‌ಗ್ ಬತ್ತೆ,Housing,Land/Property,Land/Property,Torts/Individuals,Courts/Legal-System,0.90,False,True,True,0.9223,Gagan B.S. vs. Shivamurthy T.,Gagan B.S. | Amith Ramachandra | Akkamma,"The person is unable to enter their own home, suggesting a problem related to property rights or access."
D_KannadaScript,10,ಅಕ್ಲೆಗ್ ಎಂಕುಲು ಏತ್ ನಿರ್ಣಯ ಮಲ್ತಿನ ಕಾಸು ಜಾಸ್ತಿ ಬೋಡು,They want more money than what we decided,ಅಕ್ಲೆಗ್ ಎಂಕುಲು ಏತ್ ನಿರ್ಣಯ ಮಲ್ತಿನ ಕಾಸು ಜಾಸ್ತಿ ಬೋಡು,Consumer/Money/Debt,,Land/Property,Torts/Individuals,Housing,0.90,False,False,False,0.9157,Sridhar P. vs. Ramesh,Sridhar P. | Dr. Alfred Aranha | Akkamma,The situation involves a dispute over property and assets.
D_KannadaScript,11,ಎಂಕುಲು ಯೆಪ್ಪ ಮುಗಿಡು ಪಂಡ ನಿರ್ಣಯ ಮಲ್ಪೊನೆರ್ದ್ ದುಂಬು ಮುಗಿಯೆರೆ,They ended our agreement before the time we decided,ಎಂಕುಲು ಯೆಪ್ಪ ಮುಗಿಡು ಪಂಡ ನಿರ್ಣಯ ಮಲ್ಪೊನೆರ್ದ್ ದುಂಬು ಮುಗಿಯೆರೆ,Consumer/Money/Debt,Courts/Legal-System,Torts/Individuals,Land/Property,Courts/Legal-System,0.80,False,True,True,0.9204,Sridhar P. vs. Ramesh,Sridhar P. | State | State,"The situation appears to involve a personal dispute or conflict between individuals, which falls under the broader category of tort law."
D_KannadaScript,12,ಯಾನ್ ಕಾಗಜಿದ ಮಿತ್ತ್ ಪುದರ್ ಪಾಡ್ಯೆ ಮಾತ್ರ ದಾದ ಬರೆದಿನ ಪಂಡ ಗೊತ್ತಿಜ್ಜಿ,I signed a paper but did not understand what it said,ಯಾನ್ ಕಾಗಜಿದ ಮಿತ್ತ್ ಪುದರ್ ಪಾಡ್ಯೆ ಮಾತ್ರ ದಾದ ಬರೆದಿನ ಪಂಡ ಗೊತ್ತಿಜ್ಜಿ,Courts/Legal-System,Consumer/Money/Debt,Courts/Legal-System,IP/Identity,Torts/Individuals,0.90,True,True,False,0.9149,State vs. M. Shanthilal Manikylal,State | Gagan B.S. | State,"The situation involves a dispute with a business partner, which suggests legal action may be taken or has already been taken."
D_KannadaScript,13,ಯಾನ್ ಕಾಗಜಿದ ಮಿತ್ತ್ ಪುದರ್ ಪಾಡಿ ಬೊಕ್ಕ ಅಕುಲು ದಾದ ನಿರ್ಣಯ ಮಲ್ತೆರೆ ಪಂಡ ಮಲ್ತಿಜೆರೆ,After I signed the paper they did not do what they agreed to,ಯಾನ್ ಕಾಗಜಿದ ಮಿತ್ತ್ ಪುದರ್ ಪಾಡಿ ಬೊಕ್ಕ ಅಕುಲು ದಾದ ನಿರ್ಣಯ ಮಲ್ತೆರೆ ಪಂಡ ಮಲ್ತಿಜೆರೆ,Consumer/Money/Debt,,Estates/Wills,Torts/Individuals,Courts/Legal-System,0.90,False,False,False,0.9180,Shanty Kokoth vs. Shankar Ganesh P.J.,Shanty Kokoth | Manju K | Vishwajit Umesh Naik,"The situation involves a dispute over an inheritance, which falls under the category of estates and wills."
D_KannadaScript,14,ಎಂಕ್ ಓ ವಾ ಕೋರ್ಟ್‌ಗ್ ಪೋಡು ಪಂಡ ಗೊತ್ತಿಜ್ಜಿ,I don't know which court I should go to,ಎಂಕ್ ಓ ವಾ ಕೋರ್ಟ್‌ಗ್ ಪೋಡು ಪಂಡ ಗೊತ್ತಿಜ್ಜಿ,Courts/Legal-System,,Courts/Legal-System,Torts/Individuals,IP/Identity,0.90,True,True,False,0.9303,Sridhar P. vs. Ramesh,Sridhar P. | Akkamma | State,"The person needs to go to court and have an issue resolved, which suggests a legal dispute or problem."
D_KannadaScript,15,ಎಂಕ್ ಕಾಸು ಕೊರೊಡುಪಿನ ಜನ ಬೇತೆ ಜಾಗಡ್ ಉಲ್ಲರೆ,The person who owes me money is in a different place,ಎಂಕ್ ಕಾಸು ಕೊರೊಡುಪಿನ ಜನ ಬೇತೆ ಜಾಗಡ್ ಉಲ್ಲರೆ,Courts/Legal-System,Consumer/Money/Debt,Consumer/Money/Debt,Housing,Torts/Individuals,0.90,False,True,True,0.9144,State vs. M. Shanthilal Manikylal,State | Akkamma | Sadashiva Shetty,Financial difficulties or debt issues are likely involved
D_KannadaScript,16,ಎನ್ನ ನೆರೆಕರೆತ ನಾ ಮರ ಎನ್ನ ಇಲ್ಲ್‌ದ ಮಿತ್ತ್ ಬೂರುದು ಹಾಳ್ ಮಲ್ತ್ಂಡ್,My neighbor's tree fell on my house and damaged it,ಎನ್ನ ನೆರೆಕರೆತ ನಾ ಮರ ಎನ್ನ ಇಲ್ಲ್‌ದ ಮಿತ್ತ್ ಬೂರುದು ಹಾಳ್ ಮಲ್ತ್ಂಡ್,Torts/Individuals,Housing,Torts/Individuals,Housing,Consumer/Money/Debt,0.90,True,True,False,0.9127,Amith Ramachandra vs. Shantha,Amith Ramachandra | Dr. Alfred Aranha | Nikitha A.,The situation involves an individual being harmed or wronged by another individual.
D_KannadaScript,17,ಏರೋ ಎನ್ನ ಜಾಗದ ಮಿತ್ತ್ ಕೆನ್ನಿಜ್ದೆ ಕುಲ್ಲುದು ಪೋಪುಜೆ,Someone is living on my land without asking and won't leave,ಏರೋ ಎನ್ನ ಜಾಗದ ಮಿತ್ತ್ ಕೆನ್ನಿಜ್ದೆ ಕುಲ್ಲುದು ಪೋಪುಜೆ,Land/Property,Housing,Estates/Wills,Torts/Individuals,Courts/Legal-System,0.90,False,False,False,0.9216,Amith Ramachandra vs. Shantha,Amith Ramachandra | Daneshwari | Vishwajit Umesh Naik,"The situation involves a family member's property and inheritance, which are typical issues related to estates and wills."
D_KannadaScript,18,ಬೇತೆ ಜನ ಅಕ್ಲೆನ ಸಾಮಾನ್ ದ ಮಿತ್ತ್ ಎನ್ನ ಪುದರ್ ಪಾಡ್‌ದ್ ಮರುವೆರ್,Someone is selling their things using my name,ಬೇತೆ ಜನ ಅಕ್ಲೆನ ಸಾಮಾನ್ ದ ಮಿತ್ತ್ ಎನ್ನ ಪುದರ್ ಪಾಡ್‌ದ್ ಮರುವೆರ್,IP/Identity,,Torts/Individuals,IP/Identity,Work/Employment,0.90,False,True,True,0.9144,Akkamma vs. Ramesh Patil,Akkamma | Sadashiva Shetty | State,The situation involves a dispute over property rights and ownership between neighbors.
D_KannadaScript,19,ಎನ್ನ ಪರತ್ತ್ ಧನಿ ಎನನ್ ಪೊಸ ಬೇಲೆ ಶುರು ಮಲ್ಪೆರೆ ಒಂತಿಯೆರೆ,My old employer is stopping me from starting my own work,ಎನ್ನ ಪರತ್ತ್ ಧನಿ ಎನನ್ ಪೊಸ ಬೇಲೆ ಶುರು ಮಲ್ಪೆರೆ ಒಂತಿಯೆರೆ,Work/Employment,,Consumer/Money/Debt,Courts/Legal-System,Housing,0.90,False,False,False,0.9179,State vs. M. Shanthilal Manikylal,State | Akkamma | Sadashiva Shetty,"The situation indicates debt and financial issues, which aligns with this category."
D_KannadaScript,20,ಎನ್ನ ಕುಟುಂಬ ಎನ್ನ ಅಪ್ಪೆ ತೀರ್ ಪೋಯಿ ಬೊಕ್ಕ ಕೊರ್ಪಿನ ದ ಜಾಗ ದೆತ್ತೆರೆ,After my father passed away my family took the land that was meant to be given to me,ಎನ್ನ ಕುಟುಂಬ ಎನ್ನ ಅಪ್ಪೆ ತೀರ್ ಪೋಯಿ ಬೊಕ್ಕ ಕೊರ್ಪಿನ ದ ಜಾಗ ದೆತ್ತೆರೆ,Estates/Wills,Land/Property,Land/Property,Torts/Individuals,Housing,0.90,False,True,True,0.9203,State vs. M. Shanthilal Manikylal,State | Gagan B.S. | Akkamma,The situation involves the transfer of ownership or control over a property due to the death of the mother.
E_NoRAG_KannadaPriming,1,ಎನ್ನ ಯಜಮಾನ ಎನ್ನ ಕಾಸು ವಾಪಸ್ ಕೊರ್ತಿಜ್ಜರೆ,My landlord did not give back my money,ಎನ್ನ ಯಜಮಾನ ಎನ್ನ ಕಾಸು ವಾಪಸ್ ಕೊರ್ತಿಜ್ಜರೆ,Housing,Consumer/Money/Debt,Housing,Consumer/Money/Debt,Torts/Individuals,0.95,True,True,False,N/A,N/A,N/A,Landlord-tenant deposit dispute
E_NoRAG_KannadaPriming,2,ಎನ್ನ ಧನಿ ಈ ತಿಂಗೊಲು ಕಾಸು ಕೊರ್ತಿಜ್ಜರೆ,My employer did not pay me this month,ಎನ್ನ ಧನಿ ಈ ತಿಂಗೊಲು ಕಾಸು ಕೊರ್ತಿಜ್ಜರೆ,Work/Employment,,Consumer/Money/Debt,Work/Employment,Housing,0.90,False,True,True,N/A,N/A,N/A,Unpaid wages or debt owed by the employer
E_NoRAG_KannadaPriming,3,ಏರೋ ಎನ್ನ ಬೈಲಿ ತುಂಡು ಮಲ್ತ್‌ದ್ ಎಡ್ಡೆ ಮಲ್ತಿಜ್ಜಿ,Someone broke my fence and did not fix it,ಏರೋ ಎನ್ನ ಬೈಲಿ ತುಂಡು ಮಲ್ತ್‌ದ್ ಎಡ್ಡೆ ಮಲ್ತಿಜ್ಜಿ,Torts/Individuals,,Torts/Individuals,Land/Property,Housing,0.90,True,True,False,N/A,N/A,N/A,Property damage caused by another person's action
E_NoRAG_KannadaPriming,4,ಯಾನ್ ಏರೆಗೋ ಕಾಸು ಕೊರಿ ಬೊಕ್ಕ ಆಲ್ ಪೋಯಲ್,I gave someone money and they disappeared,ಯಾನ್ ಏರೆಗೋ ಕಾಸು ಕೊರಿ ಬೊಕ್ಕ ಆಲ್ ಪೋಯಲ್,Consumer/Money/Debt,,Consumer/Money/Debt,Torts/Individuals,Housing,0.90,True,True,False,N/A,N/A,N/A,Financial transaction gone wrong and concern about getting money back
E_NoRAG_KannadaPriming,5,ಎನ್ನ ನೆರೆಕರೆ ಎನ್ನ ಜಾಗ ದೆತ್ತ್‌ದೆ,My neighbor took my land,ಎನ್ನ ನೆರೆಕರೆ ಎನ್ನ ಜಾಗ ದೆತ್ತ್‌ದೆ,Land/Property,,Land/Property,Torts/Individuals,Housing,0.95,True,True,False,N/A,N/A,N/A,Unauthorized occupation of someone's land
E_NoRAG_KannadaPriming,6,ಏರೋ ಎನನ್ ಬಡುತು ಪಾಡಿ ಬೊಕ್ಕ ಎನ್ನ ಕೈ ಬೆನೆ ಉಂಡು,After someone hit me with a stick my hand hurts,ಏರೋ ಎನನ್ ಬಡುತು ಪಾಡಿ ಬೊಕ್ಕ ಎನ್ನ ಕೈ ಬೆನೆ ಉಂಡು,Torts/Individuals,,Torts/Individuals,Housing,Consumer/Money/Debt,0.90,True,True,False,N/A,N/A,N/A,Personal injury caused by another individual
E_NoRAG_KannadaPriming,7,ಎನ್ನ ಧನಿ ಯಾನ್ ಪೋಡು ಪಂಡ ಪಂಡರೆ ಮಾತ್ರ ದಾಲ್ ಕಾರಣ ಕೊರ್ತಿಜ್ಜರ್,My boss told me to leave without any reason,ಎನ್ನ ಧನಿ ಯಾನ್ ಪೋಡು ಪಂಡ ಪಂಡರೆ ಮಾತ್ರ ದಾಲ್ ಕಾರಣ ಕೊರ್ತಿಜ್ಜರ್,Work/Employment,,Work/Employment,Consumer/Money/Debt,Housing,0.90,True,True,False,N/A,N/A,N/A,Employment relationship and wage dispute
E_NoRAG_KannadaPriming,8,ಯಾನ್ ಕಾಸು ಸಾಲ ಕೊರ್ತಿನ ಜನ ವಾಪಸ್ ಕೊರ್ತಿಜ್ಜರೆ,The person I lent money to is not returning it,ಯಾನ್ ಕಾಸು ಸಾಲ ಕೊರ್ತಿನ ಜನ ವಾಪಸ್ ಕೊರ್ತಿಜ್ಜರೆ,Consumer/Money/Debt,,Consumer/Money/Debt,Housing,Torts/Individuals,0.90,True,True,False,N/A,N/A,N/A,Borrowed money and expecting it to be returned
E_NoRAG_KannadaPriming,9,ಎನ್ನ ಒಪ್ಪಿಗೆ ಇಜ್ಜಾಂದೆ ಏರೋ ಎನ್ನ ಇಲ್ಲ್‌ಗ್ ಬತ್ತೆ,Someone came into my house without my permission,ಎನ್ನ ಒಪ್ಪಿಗೆ ಇಜ್ಜಾಂದೆ ಏರೋ ಎನ್ನ ಇಲ್ಲ್‌ಗ್ ಬತ್ತೆ,Housing,Land/Property,Housing,Torts/Individuals,Courts/Legal-System,0.90,True,True,False,N/A,N/A,N/A,Someone entered their house without permission
E_NoRAG_KannadaPriming,10,ಅಕ್ಲೆಗ್ ಎಂಕುಲು ಏತ್ ನಿರ್ಣಯ ಮಲ್ತಿನ ಕಾಸು ಜಾಸ್ತಿ ಬೋಡು,They want more money than what we decided,ಅಕ್ಲೆಗ್ ಎಂಕುಲು ಏತ್ ನಿರ್ಣಯ ಮಲ್ತಿನ ಕಾಸು ಜಾಸ್ತಿ ಬೋಡು,Consumer/Money/Debt,,Consumer/Money/Debt,Housing,Torts/Individuals,0.90,True,True,False,N/A,N/A,N/A,Financial dispute over agreed-upon money
E_NoRAG_KannadaPriming,11,ಎಂಕುಲು ಯೆಪ್ಪ ಮುಗಿಡು ಪಂಡ ನಿರ್ಣಯ ಮಲ್ಪೊನೆರ್ದ್ ದುಂಬು ಮುಗಿಯೆರೆ,They ended our agreement before the time we decided,ಎಂಕುಲು ಯೆಪ್ಪ ಮುಗಿಡು ಪಂಡ ನಿರ್ಣಯ ಮಲ್ಪೊನೆರ್ದ್ ದುಂಬು ಮುಗಿಯೆರೆ,Consumer/Money/Debt,Courts/Legal-System,Work/Employment,Torts/Individuals,Courts/Legal-System,0.90,False,True,True,N/A,N/A,N/A,"The situation involves a person's employment ending, which suggests that it falls under the broader category of work-related issues."
E_NoRAG_KannadaPriming,12,ಯಾನ್ ಕಾಗಜಿದ ಮಿತ್ತ್ ಪುದರ್ ಪಾಡ್ಯೆ ಮಾತ್ರ ದಾದ ಬರೆದಿನ ಪಂಡ ಗೊತ್ತಿಜ್ಜಿ,I signed a paper but did not understand what it said,ಯಾನ್ ಕಾಗಜಿದ ಮಿತ್ತ್ ಪುದರ್ ಪಾಡ್ಯೆ ಮಾತ್ರ ದಾದ ಬರೆದಿನ ಪಂಡ ಗೊತ್ತಿಜ್ಜಿ,Courts/Legal-System,Consumer/Money/Debt,Courts/Legal-System,IP/Identity,Torts/Individuals,0.90,True,True,False,N/A,N/A,N/A,Signing a document without understanding its contents suggests a problem with legal documents or procedures
E_NoRAG_KannadaPriming,13,ಯಾನ್ ಕಾಗಜಿದ ಮಿತ್ತ್ ಪುದರ್ ಪಾಡಿ ಬೊಕ್ಕ ಅಕುಲು ದಾದ ನಿರ್ಣಯ ಮಲ್ತೆರೆ ಪಂಡ ಮಲ್ತಿಜೆರೆ,After I signed the paper they did not do what they agreed to,ಯಾನ್ ಕಾಗಜಿದ ಮಿತ್ತ್ ಪುದರ್ ಪಾಡಿ ಬೊಕ್ಕ ಅಕುಲು ದಾದ ನಿರ್ಣಯ ಮಲ್ತೆರೆ ಪಂಡ ಮಲ್ತಿಜೆರೆ,Consumer/Money/Debt,,Courts/Legal-System,IP/Identity,Torts/Individuals,0.90,False,False,False,N/A,N/A,N/A,Signed a document without understanding its contents
E_NoRAG_KannadaPriming,14,ಎಂಕ್ ಓ ವಾ ಕೋರ್ಟ್‌ಗ್ ಪೋಡು ಪಂಡ ಗೊತ್ತಿಜ್ಜಿ,I don't know which court I should go to,ಎಂಕ್ ಓ ವಾ ಕೋರ್ಟ್‌ಗ್ ಪೋಡು ಪಂಡ ಗೊತ್ತಿಜ್ಜಿ,Courts/Legal-System,,Courts/Legal-System,Housing,Consumer/Money/Debt,0.90,True,True,False,N/A,N/A,N/A,Uncertainty about which court to go to
E_NoRAG_KannadaPriming,15,ಎಂಕ್ ಕಾಸು ಕೊರೊಡುಪಿನ ಜನ ಬೇತೆ ಜಾಗಡ್ ಉಲ್ಲರೆ,The person who owes me money is in a different place,ಎಂಕ್ ಕಾಸು ಕೊರೊಡುಪಿನ ಜನ ಬೇತೆ ಜಾಗಡ್ ಉಲ್ಲರೆ,Courts/Legal-System,Consumer/Money/Debt,Consumer/Money/Debt,Torts/Individuals,Housing,0.90,False,True,True,N/A,N/A,N/A,Money taken without permission
E_NoRAG_KannadaPriming,16,ಎನ್ನ ನೆರೆಕರೆತ ನಾ ಮರ ಎನ್ನ ಇಲ್ಲ್‌ದ ಮಿತ್ತ್ ಬೂರುದು ಹಾಳ್ ಮಲ್ತ್ಂಡ್,My neighbor's tree fell on my house and damaged it,ಎನ್ನ ನೆರೆಕರೆತ ನಾ ಮರ ಎನ್ನ ಇಲ್ಲ್‌ದ ಮಿತ್ತ್ ಬೂರುದು ಹಾಳ್ ಮಲ್ತ್ಂಡ್,Torts/Individuals,Housing,Torts/Individuals,Land/Property,Housing,0.90,True,True,False,N/A,N/A,N/A,Damage caused by another individual to property
E_NoRAG_KannadaPriming,17,ಏರೋ ಎನ್ನ ಜಾಗದ ಮಿತ್ತ್ ಕೆನ್ನಿಜ್ದೆ ಕುಲ್ಲುದು ಪೋಪುಜೆ,Someone is living on my land without asking and won't leave,ಏರೋ ಎನ್ನ ಜಾಗದ ಮಿತ್ತ್ ಕೆನ್ನಿಜ್ದೆ ಕುಲ್ಲುದು ಪೋಪುಜೆ,Land/Property,Housing,Land/Property,Torts/Individuals,Housing,0.90,True,True,False,N/A,N/A,N/A,Unauthorized access to land/property
E_NoRAG_KannadaPriming,18,ಬೇತೆ ಜನ ಅಕ್ಲೆನ ಸಾಮಾನ್ ದ ಮಿತ್ತ್ ಎನ್ನ ಪುದರ್ ಪಾಡ್‌ದ್ ಮರುವೆರ್,Someone is selling their things using my name,ಬೇತೆ ಜನ ಅಕ್ಲೆನ ಸಾಮಾನ್ ದ ಮಿತ್ತ್ ಎನ್ನ ಪುದರ್ ಪಾಡ್‌ದ್ ಮರುವೆರ್,IP/Identity,,IP/Identity,Torts/Individuals,Courts/Legal-System,0.90,True,True,False,N/A,N/A,N/A,Misuse of personal or business identity
E_NoRAG_KannadaPriming,19,ಎನ್ನ ಪರತ್ತ್ ಧನಿ ಎನನ್ ಪೊಸ ಬೇಲೆ ಶುರು ಮಲ್ಪೆರೆ ಒಂತಿಯೆರೆ,My old employer is stopping me from starting my own work,ಎನ್ನ ಪರತ್ತ್ ಧನಿ ಎನನ್ ಪೊಸ ಬೇಲೆ ಶುರು ಮಲ್ಪೆರೆ ಒಂತಿಯೆರೆ,Work/Employment,,Work/Employment,Torts/Individuals,Housing,0.90,True,True,False,N/A,N/A,N/A,Employment relationship and restriction on starting a new business
E_NoRAG_KannadaPriming,20,ಎನ್ನ ಕುಟುಂಬ ಎನ್ನ ಅಪ್ಪೆ ತೀರ್ ಪೋಯಿ ಬೊಕ್ಕ ಕೊರ್ಪಿನ ದ ಜಾಗ ದೆತ್ತೆರೆ,After my father passed away my family took the land that was meant to be given to me,ಎನ್ನ ಕುಟುಂಬ ಎನ್ನ ಅಪ್ಪೆ ತೀರ್ ಪೋಯಿ ಬೊಕ್ಕ ಕೊರ್ಪಿನ ದ ಜಾಗ ದೆತ್ತೆರೆ,Estates/Wills,Land/Property,Estates/Wills,Land/Property,Torts/Individuals,0.90,True,True,False,N/A,N/A,N/A,Inheritance dispute over family land
F_KannadaScript_NoPriming,1,ಎನ್ನ ಯಜಮಾನ ಎನ್ನ ಕಾಸು ವಾಪಸ್ ಕೊರ್ತಿಜ್ಜರೆ,My landlord did not give back my money,ಎನ್ನ ಯಜಮಾನ ಎನ್ನ ಕಾಸು ವಾಪಸ್ ಕೊರ್ತಿಜ್ಜರೆ,Housing,Consumer/Money/Debt,Housing,Consumer/Money/Debt,Work/Employment,0.90,True,True,False,0.9172,Vishwajit Umesh Naik vs. Pranjal Vishwajit Naik,Vishwajit Umesh Naik | Nikitha A. | Dr. Alfred Aranha,The person is struggling with paying their rent.
F_KannadaScript_NoPriming,2,ಎನ್ನ ಧನಿ ಈ ತಿಂಗೊಲು ಕಾಸು ಕೊರ್ತಿಜ್ಜರೆ,My employer did not pay me this month,ಎನ್ನ ಧನಿ ಈ ತಿಂಗೊಲು ಕಾಸು ಕೊರ್ತಿಜ್ಜರೆ,Work/Employment,,Consumer/Money/Debt,Courts/Legal-System,Torts/Individuals,0.90,False,False,False,0.9192,Gagan B.S. vs. Shivamurthy T.,Gagan B.S. | State | Sadashiva Shetty,The situation involves debt and financial issues.
F_KannadaScript_NoPriming,3,ಏರೋ ಎನ್ನ ಬೈಲಿ ತುಂಡು ಮಲ್ತ್‌ದ್ ಎಡ್ಡೆ ಮಲ್ತಿಜ್ಜಿ,Someone broke my fence and did not fix it,ಏರೋ ಎನ್ನ ಬೈಲಿ ತುಂಡು ಮಲ್ತ್‌ದ್ ಎಡ್ಡೆ ಮಲ್ತಿಜ್ಜಿ,Torts/Individuals,,Land/Property,Torts/Individuals,Housing,0.90,False,True,True,0.9203,Amith Ramachandra vs. Shantha,Amith Ramachandra | Dr. Alfred Aranha | Akkamma,The situation mentions a dispute related to land or property.
F_KannadaScript_NoPriming,4,ಯಾನ್ ಏರೆಗೋ ಕಾಸು ಕೊರಿ ಬೊಕ್ಕ ಆಲ್ ಪೋಯಲ್,I gave someone money and they disappeared,ಯಾನ್ ಏರೆಗೋ ಕಾಸು ಕೊರಿ ಬೊಕ್ಕ ಆಲ್ ಪೋಯಲ್,Consumer/Money/Debt,,Estates/Wills,Torts/Individuals,Courts/Legal-System,0.90,False,False,False,0.9198,Amith Ramachandra vs. Shantha,Amith Ramachandra | Dr. Alfred Aranha | Dr. Alfred Aranha,"The situation involves inheritance and property rights, which are typical issues related to estates and wills."
F_KannadaScript_NoPriming,5,ಎನ್ನ ನೆರೆಕರೆ ಎನ್ನ ಜಾಗ ದೆತ್ತ್‌ದೆ,My neighbor took my land,ಎನ್ನ ನೆರೆಕರೆ ಎನ್ನ ಜಾಗ ದೆತ್ತ್‌ದೆ,Land/Property,,Land/Property,Torts/Individuals,Housing,0.90,True,True,False,0.9190,Nikitha A. vs. Santhosh Ghatke,Nikitha A. | Dr. Alfred Aranha | Gagan B.S.,The situation involves disputes over property and inheritance.
F_KannadaScript_NoPriming,6,ಏರೋ ಎನನ್ ಬಡುತು ಪಾಡಿ ಬೊಕ್ಕ ಎನ್ನ ಕೈ ಬೆನೆ ಉಂಡು,After someone hit me with a stick my hand hurts,ಏರೋ ಎನನ್ ಬಡುತು ಪಾಡಿ ಬೊಕ್ಕ ಎನ್ನ ಕೈ ಬೆನೆ ಉಂಡು,Torts/Individuals,,Consumer/Money/Debt,Work/Employment,Torts/Individuals,0.90,False,True,True,0.9235,Amith Ramachandra vs. Shantha,Amith Ramachandra | Dr. Alfred Aranha | Shanty Kokoth,"The person is struggling to make ends meet, which is a classic problem in this category."
F_KannadaScript_NoPriming,7,ಎನ್ನ ಧನಿ ಯಾನ್ ಪೋಡು ಪಂಡ ಪಂಡರೆ ಮಾತ್ರ ದಾಲ್ ಕಾರಣ ಕೊರ್ತಿಜ್ಜರ್,My boss told me to leave without any reason,ಎನ್ನ ಧನಿ ಯಾನ್ ಪೋಡು ಪಂಡ ಪಂಡರೆ ಮಾತ್ರ ದಾಲ್ ಕಾರಣ ಕೊರ್ತಿಜ್ಜರ್,Work/Employment,,Land/Property,Torts/Individuals,Courts/Legal-System,0.90,False,False,False,0.9235,Daneshwari vs. Raghavendra Mathapati,Daneshwari | Manju K | Gagan B.S.,The person's main concern is their property being taken away from them.
F_KannadaScript_NoPriming,8,ಯಾನ್ ಕಾಸು ಸಾಲ ಕೊರ್ತಿನ ಜನ ವಾಪಸ್ ಕೊರ್ತಿಜ್ಜರೆ,The person I lent money to is not returning it,ಯಾನ್ ಕಾಸು ಸಾಲ ಕೊರ್ತಿನ ಜನ ವಾಪಸ್ ಕೊರ್ತಿಜ್ಜರೆ,Consumer/Money/Debt,,Consumer/Money/Debt,Torts/Individuals,Courts/Legal-System,0.90,True,True,False,0.9098,Dr. Alfred Aranha vs. Sahel Peter Aranha,Dr. Alfred Aranha | Vishwajit Umesh Naik | Sridhar P.,The situation involves a debt issue where someone borrowed money from another person and is now being asked to repay the loan with interest.
F_KannadaScript_NoPriming,9,ಎನ್ನ ಒಪ್ಪಿಗೆ ಇಜ್ಜಾಂದೆ ಏರೋ ಎನ್ನ ಇಲ್ಲ್‌ಗ್ ಬತ್ತೆ,Someone came into my house without my permission,ಎನ್ನ ಒಪ್ಪಿಗೆ ಇಜ್ಜಾಂದೆ ಏರೋ ಎನ್ನ ಇಲ್ಲ್‌ಗ್ ಬತ್ತೆ,Housing,Land/Property,Land/Property,Torts/Individuals,Work/Employment,0.90,False,True,True,0.9223,Gagan B.S. vs. Shivamurthy T.,Gagan B.S. | Amith Ramachandra | Akkamma,The person is facing a dispute over their home.
F_KannadaScript_NoPriming,10,ಅಕ್ಲೆಗ್ ಎಂಕುಲು ಏತ್ ನಿರ್ಣಯ ಮಲ್ತಿನ ಕಾಸು ಜಾಸ್ತಿ ಬೋಡು,They want more money than what we decided,ಅಕ್ಲೆಗ್ ಎಂಕುಲು ಏತ್ ನಿರ್ಣಯ ಮಲ್ತಿನ ಕಾಸು ಜಾಸ್ತಿ ಬೋಡು,Consumer/Money/Debt,,Land/Property,Torts/Individuals,Housing,0.90,False,False,False,0.9157,Sridhar P. vs. Ramesh,Sridhar P. | Dr. Alfred Aranha | Akkamma,The situation appears to be related to property ownership and inheritance.
F_KannadaScript_NoPriming,11,ಎಂಕುಲು ಯೆಪ್ಪ ಮುಗಿಡು ಪಂಡ ನಿರ್ಣಯ ಮಲ್ಪೊನೆರ್ದ್ ದುಂಬು ಮುಗಿಯೆರೆ,They ended our agreement before the time we decided,ಎಂಕುಲು ಯೆಪ್ಪ ಮುಗಿಡು ಪಂಡ ನಿರ್ಣಯ ಮಲ್ಪೊನೆರ್ದ್ ದುಂಬು ಮುಗಿಯೆರೆ,Consumer/Money/Debt,Courts/Legal-System,Courts/Legal-System,IP/Identity,Torts/Individuals,0.90,False,True,True,0.9204,Sridhar P. vs. Ramesh,Sridhar P. | State | State,The situation involves a dispute with someone else regarding a decision made by an authority figure that has affected their property rights.
F_KannadaScript_NoPriming,12,ಯಾನ್ ಕಾಗಜಿದ ಮಿತ್ತ್ ಪುದರ್ ಪಾಡ್ಯೆ ಮಾತ್ರ ದಾದ ಬರೆದಿನ ಪಂಡ ಗೊತ್ತಿಜ್ಜಿ,I signed a paper but did not understand what it said,ಯಾನ್ ಕಾಗಜಿದ ಮಿತ್ತ್ ಪುದರ್ ಪಾಡ್ಯೆ ಮಾತ್ರ ದಾದ ಬರೆದಿನ ಪಂಡ ಗೊತ್ತಿಜ್ಜಿ,Courts/Legal-System,Consumer/Money/Debt,IP/Identity,Torts/Individuals,Courts/Legal-System,0.90,False,True,True,0.9149,State vs. M. Shanthilal Manikylal,State | Gagan B.S. | State,The situation revolves around the individual's identity-related documents and their unauthorized access.
F_KannadaScript_NoPriming,13,ಯಾನ್ ಕಾಗಜಿದ ಮಿತ್ತ್ ಪುದರ್ ಪಾಡಿ ಬೊಕ್ಕ ಅಕುಲು ದಾದ ನಿರ್ಣಯ ಮಲ್ತೆರೆ ಪಂಡ ಮಲ್ತಿಜೆರೆ,After I signed the paper they did not do what they agreed to,ಯಾನ್ ಕಾಗಜಿದ ಮಿತ್ತ್ ಪುದರ್ ಪಾಡಿ ಬೊಕ್ಕ ಅಕುಲು ದಾದ ನಿರ್ಣಯ ಮಲ್ತೆರೆ ಪಂಡ ಮಲ್ತಿಜೆರೆ,Consumer/Money/Debt,,Estates/Wills,Torts/Individuals,Courts/Legal-System,0.80,False,False,False,0.9180,Shanty Kokoth vs. Shankar Ganesh P.J.,Shanty Kokoth | Manju K | Vishwajit Umesh Naik,"The situation involves a shared asset and a dispute over ownership, which suggests legal implications related to inheritance or property rights."
F_KannadaScript_NoPriming,14,ಎಂಕ್ ಓ ವಾ ಕೋರ್ಟ್‌ಗ್ ಪೋಡು ಪಂಡ ಗೊತ್ತಿಜ್ಜಿ,I don't know which court I should go to,ಎಂಕ್ ಓ ವಾ ಕೋರ್ಟ್‌ಗ್ ಪೋಡು ಪಂಡ ಗೊತ್ತಿಜ್ಜಿ,Courts/Legal-System,,Housing,Consumer/Money/Debt,Work/Employment,0.90,False,False,False,0.9303,Sridhar P. vs. Ramesh,Sridhar P. | Akkamma | State,"The situation involves a person moving into someone else's house, which suggests a housing-related issue."
F_KannadaScript_NoPriming,15,ಎಂಕ್ ಕಾಸು ಕೊರೊಡುಪಿನ ಜನ ಬೇತೆ ಜಾಗಡ್ ಉಲ್ಲರೆ,The person who owes me money is in a different place,ಎಂಕ್ ಕಾಸು ಕೊರೊಡುಪಿನ ಜನ ಬೇತೆ ಜಾಗಡ್ ಉಲ್ಲರೆ,Courts/Legal-System,Consumer/Money/Debt,Consumer/Money/Debt,Housing,Torts/Individuals,0.80,False,True,True,0.9144,State vs. M. Shanthilal Manikylal,State | Akkamma | Sadashiva Shetty,The situation suggests an issue with payment or debt that is preventing the person from living in their own home.
F_KannadaScript_NoPriming,16,ಎನ್ನ ನೆರೆಕರೆತ ನಾ ಮರ ಎನ್ನ ಇಲ್ಲ್‌ದ ಮಿತ್ತ್ ಬೂರುದು ಹಾಳ್ ಮಲ್ತ್ಂಡ್,My neighbor's tree fell on my house and damaged it,ಎನ್ನ ನೆರೆಕರೆತ ನಾ ಮರ ಎನ್ನ ಇಲ್ಲ್‌ದ ಮಿತ್ತ್ ಬೂರುದು ಹಾಳ್ ಮಲ್ತ್ಂಡ್,Torts/Individuals,Housing,Torts/Individuals,Housing,Consumer/Money/Debt,0.90,True,True,False,0.9127,Amith Ramachandra vs. Shantha,Amith Ramachandra | Dr. Alfred Aranha | Nikitha A.,The situation involves a dispute between two individuals over a specific issue.
F_KannadaScript_NoPriming,17,ಏರೋ ಎನ್ನ ಜಾಗದ ಮಿತ್ತ್ ಕೆನ್ನಿಜ್ದೆ ಕುಲ್ಲುದು ಪೋಪುಜೆ,Someone is living on my land without asking and won't leave,ಏರೋ ಎನ್ನ ಜಾಗದ ಮಿತ್ತ್ ಕೆನ್ನಿಜ್ದೆ ಕುಲ್ಲುದು ಪೋಪುಜೆ,Land/Property,Housing,Estates/Wills,Courts/Legal-System,Torts/Individuals,0.90,False,False,False,0.9216,Amith Ramachandra vs. Shantha,Amith Ramachandra | Daneshwari | Vishwajit Umesh Naik,The situation involves a family member's property and seems to be related to inheritance or distribution of assets after someone's death.
F_KannadaScript_NoPriming,18,ಬೇತೆ ಜನ ಅಕ್ಲೆನ ಸಾಮಾನ್ ದ ಮಿತ್ತ್ ಎನ್ನ ಪುದರ್ ಪಾಡ್‌ದ್ ಮರುವೆರ್,Someone is selling their things using my name,ಬೇತೆ ಜನ ಅಕ್ಲೆನ ಸಾಮಾನ್ ದ ಮಿತ್ತ್ ಎನ್ನ ಪುದರ್ ಪಾಡ್‌ದ್ ಮರುವೆರ್,IP/Identity,,IP/Identity,Torts/Individuals,Courts/Legal-System,0.90,True,True,False,0.9144,Akkamma vs. Ramesh Patil,Akkamma | Sadashiva Shetty | State,The situation involves unauthorized control over someone's property and identity.
F_KannadaScript_NoPriming,19,ಎನ್ನ ಪರತ್ತ್ ಧನಿ ಎನನ್ ಪೊಸ ಬೇಲೆ ಶುರು ಮಲ್ಪೆರೆ ಒಂತಿಯೆರೆ,My old employer is stopping me from starting my own work,ಎನ್ನ ಪರತ್ತ್ ಧನಿ ಎನನ್ ಪೊಸ ಬೇಲೆ ಶುರು ಮಲ್ಪೆರೆ ಒಂತಿಯೆರೆ,Work/Employment,,Consumer/Money/Debt,Torts/Individuals,Work/Employment,0.90,False,True,True,0.9179,State vs. M. Shanthilal Manikylal,State | Akkamma | Sadashiva Shetty,"The situation involves debt and financial struggles, which falls under the Consumer/Money/Debt category."
F_KannadaScript_NoPriming,20,ಎನ್ನ ಕುಟುಂಬ ಎನ್ನ ಅಪ್ಪೆ ತೀರ್ ಪೋಯಿ ಬೊಕ್ಕ ಕೊರ್ಪಿನ ದ ಜಾಗ ದೆತ್ತೆರೆ,After my father passed away my family took the land that was meant to be given to me,ಎನ್ನ ಕುಟುಂಬ ಎನ್ನ ಅಪ್ಪೆ ತೀರ್ ಪೋಯಿ ಬೊಕ್ಕ ಕೊರ್ಪಿನ ದ ಜಾಗ ದೆತ್ತೆರೆ,Estates/Wills,Land/Property,Land/Property,Torts/Individuals,Housing,0.90,False,True,True,0.9203,State vs. M. Shanthilal Manikylal,State | Gagan B.S. | Akkamma,The situation involves the family's property and inheritance after the death of their mother.
