model,condition,id,display_text,english_gloss,list_primary,list_secondary,pred_top1,pred_top2,pred_top3,top1_confidence,hits1,hits3,partial_credit,top1_reasoning
llama3,M_full,41,enkulu nadetonduittinapaga enna baritaklena nayi enna balen cuccind.,My neighbor's dog bit my child while we were walking,Torts/Individuals,,Torts/Individuals,Housing,Consumer/Money/Debt,0.90,True,True,False,Physical harm/damage caused by another person without permission
llama3,M_full,42,ero enklena untondu ittina karg akd poyer.,Someone crashed into my parked vehicle and drove away,Torts/Individuals,,Torts/Individuals,Housing,Land/Property,0.90,True,True,False,Someone entered the person's house without permission
llama3,M_full,43,onji beledaye enna mitt saman budpad enk tagnd.,A worker dropped something that injured me,Torts/Individuals,,Torts/Individuals,Housing,Land/Property,0.90,True,True,False,Unauthorized entry into someone's house without permission
llama3,M_full,44,hallid yera enna bagge sullu pandd enna pudarn hal malter.,Someone spread lies about me that damaged my reputation in the village,Torts/Individuals,,IP/Identity,Torts/Individuals,Housing,0.90,False,True,True,Misuse of personal identity
llama3,M_full,45,enna nerekareda aklena pettalu enna pura bulen tindd hal maltnd.,My neighbor's cattle keep destroying my crops,Torts/Individuals,Land/Property,Torts/Individuals,Housing,Land/Property,0.85,True,True,False,Property damage caused by another person's action
llama3,M_full,46,"enk nyayalayada onji kakaji baidnd, matra ait dada panonduller pandd gottiji.",I received a court notice but I don't understand what it is asking me to do,Courts/Legal-System,,IP/Identity,Torts/Individuals,Housing,0.90,False,False,False,The situation involves someone using another person's name without permission.
llama3,M_full,47,"enk nyayalayag popina tarikh tatnd, dayeg panda enk erela epa e podu pandd pandijer.",I missed a court date because no one explained when I needed to appear,Courts/Legal-System,,Torts/Individuals,Housing,Land/Property,0.90,False,False,False,"Someone entered the person's house without permission, causing distress."
llama3,M_full,48,enk enna kelsada dhanina mitt enca duru korodu pandd gottiji.,I don't know how to file a complaint against my employer,Courts/Legal-System,Work/Employment,Land/Property,Torts/Individuals,Housing,0.85,False,False,False,"Someone took something that belongs to the person, likely a property or land issue"
llama3,M_full,49,polis-da akulu enna durun dettonere tayar ijjer.,The police would not register my complaint,Courts/Legal-System,,Torts/Individuals,Housing,Land/Property,0.90,False,False,False,Someone entered the person's house without permission
llama3,M_full,50,"enk onji vakil bodu pandd pander, matra enk vakiln enca nadodu pandd gottiji.",I was told I need a lawyer but I don't know how to find one,Courts/Legal-System,,Torts/Individuals,Housing,Consumer/Money/Debt,0.80,False,False,False,"The person is seeking a lawyer to take an action against someone else, suggesting a personal injury or property damage dispute."
llama3,M_full,51,enk gottijande yera enna pudard sala dettonyer.,Someone opened a loan in my name without my knowledge,IP/Identity,Consumer/Money/Debt,IP/Identity,Torts/Individuals,Consumer/Money/Debt,0.90,True,True,False,Misuse of personal name for a loan or debt
llama3,M_full,52,enada kenande yera enna photon jahiratud upayoga maltonduller.,My photo is being used in an advertisement without my permission,IP/Identity,,Torts/Individuals,Housing,Land/Property,0.90,False,False,False,Someone entered the person's house without permission
llama3,M_full,53,yera ennaleka anlain-d natane maltd enna kutunbadaklen dongi maltonduller.,Someone is pretending to be me online to trick my relatives,IP/Identity,,Torts/Individuals,Housing,Consumer/Money/Debt,0.90,False,False,False,Someone entered the person's house without permission and caused damage
llama3,M_full,54,vova onji angadi enna kutunbada angadida pudaran upayoga maltondundu,A shop is using my family's business name without asking,IP/Identity,,Torts/Individuals,Housing,Land/Property,0.90,False,False,False,Unauthorized entry into a house without permission
llama3,M_full,55,enklena kutunba maltd maruna samanda disain-n yera kandder.,Someone stole the design of the products my family makes and sells,IP/Identity,,Torts/Individuals,Housing,Land/Property,0.90,False,False,False,Someone entered the person's house without permission and caused damage
llama3,M_full,56,enna popa onji vil budande tir poyi bokka enna megge-palayenakulu enan buddu astin pura pattonduller.,My father died without a will and my siblings are dividing everything without me,Estates/Wills,,Torts/Individuals,Housing,Land/Property,0.90,False,False,False,Unauthorized entry into the person's house
llama3,M_full,57,enna ammana bangar enk korper pand pandi bokka amma tir poyi bokka enna palaye aven pura dettonye.,My mother's jewelry was promised to me but my brother took it after she died,Estates/Wills,,Land/Property,Torts/Individuals,Estates/Wills,0.90,False,True,True,Dispute over land ownership
llama3,M_full,58,enna popa tir poyi bokka enna oppige ijjande enna popa-ammana illan maryer pandd gottand.,I found out my parents' house was sold after my father's death without our agreement,Estates/Wills,Land/Property,Torts/Individuals,Housing,Land/Property,0.90,False,True,True,Another person entered the individual's house without permission
llama3,M_full,59,"enna mamu, ajjer-na jagan pattere kenondijjer.",My uncle is refusing to share the property left by my grandfather,Estates/Wills,Land/Property,Land/Property,Torts/Individuals,Housing,0.90,False,True,True,Unauthorized entry into someone's land or property
llama3,M_full,60,enna kandani tir poyi bokka enna kandanina kutunbadakulu enan enklena illad kulyere budondijjer.,After my husband passed away his family is not letting me stay in our house,Estates/Wills,Housing,Torts/Individuals,Housing,Land/Property,0.90,False,True,True,Property damage caused by another person's action
llama3,M_sparse,41,enkulu nadetonduittinapaga enna baritaklena nayi enna balen cuccind.,My neighbor's dog bit my child while we were walking,Torts/Individuals,,Torts/Individuals,Housing,Land/Property,0.90,True,True,False,Someone entered the person's home without permission
llama3,M_sparse,42,ero enklena untondu ittina karg akd poyer.,Someone crashed into my parked vehicle and drove away,Torts/Individuals,,Torts/Individuals,Housing,Land/Property,0.90,True,True,False,Someone entered the person's property without permission
llama3,M_sparse,43,onji beledaye enna mitt saman budpad enk tagnd.,A worker dropped something that injured me,Torts/Individuals,,Land/Property,Torts/Individuals,Estates/Wills,0.85,False,True,True,Dispute over ownership or possession of property
llama3,M_sparse,44,hallid yera enna bagge sullu pandd enna pudarn hal malter.,Someone spread lies about me that damaged my reputation in the village,Torts/Individuals,,Torts/Individuals,Housing,Land/Property,0.90,True,True,False,Someone entered the person's home without permission
llama3,M_sparse,45,enna nerekareda aklena pettalu enna pura bulen tindd hal maltnd.,My neighbor's cattle keep destroying my crops,Torts/Individuals,Land/Property,Torts/Individuals,Housing,Land/Property,0.90,True,True,False,Someone entered the person's home without permission
llama3,M_sparse,46,"enk nyayalayada onji kakaji baidnd, matra ait dada panonduller pandd gottiji.",I received a court notice but I don't understand what it is asking me to do,Courts/Legal-System,,Torts/Individuals,Housing,Land/Property,0.90,False,False,False,Someone entered the person's home without permission
llama3,M_sparse,47,"enk nyayalayag popina tarikh tatnd, dayeg panda enk erela epa e podu pandd pandijer.",I missed a court date because no one explained when I needed to appear,Courts/Legal-System,,Torts/Individuals,Housing,Courts/Legal-System,0.90,False,True,True,Someone entered the person's home without permission
llama3,M_sparse,48,enk enna kelsada dhanina mitt enca duru korodu pandd gottiji.,I don't know how to file a complaint against my employer,Courts/Legal-System,Work/Employment,Torts/Individuals,Housing,Consumer/Money/Debt,0.85,False,False,False,Property damage caused by another person's action
llama3,M_sparse,49,polis-da akulu enna durun dettonere tayar ijjer.,The police would not register my complaint,Courts/Legal-System,,Torts/Individuals,Housing,Land/Property,0.90,False,False,False,Invasion of personal space
llama3,M_sparse,50,"enk onji vakil bodu pandd pander, matra enk vakiln enca nadodu pandd gottiji.",I was told I need a lawyer but I don't know how to find one,Courts/Legal-System,,Torts/Individuals,Work/Employment,Land/Property,0.85,False,False,False,Personal injury or property damage scenario
llama3,M_sparse,51,enk gottijande yera enna pudard sala dettonyer.,Someone opened a loan in my name without my knowledge,IP/Identity,Consumer/Money/Debt,Housing,Torts/Individuals,Land/Property,0.90,False,False,False,Unauthorized entry into a dwelling
llama3,M_sparse,52,enada kenande yera enna photon jahiratud upayoga maltonduller.,My photo is being used in an advertisement without my permission,IP/Identity,,Torts/Individuals,Housing,Consumer/Money/Debt,0.90,False,False,False,Unauthorized entry into someone's home
llama3,M_sparse,53,yera ennaleka anlain-d natane maltd enna kutunbadaklen dongi maltonduller.,Someone is pretending to be me online to trick my relatives,IP/Identity,,Torts/Individuals,Housing,Consumer/Money/Debt,0.85,False,False,False,Physical harm/damage caused by another person's action
llama3,M_sparse,54,vova onji angadi enna kutunbada angadida pudaran upayoga maltondundu,A shop is using my family's business name without asking,IP/Identity,,Torts/Individuals,Housing,Land/Property,0.85,False,False,False,Someone entered the person's home without permission
llama3,M_sparse,55,enklena kutunba maltd maruna samanda disain-n yera kandder.,Someone stole the design of the products my family makes and sells,IP/Identity,,Torts/Individuals,Land/Property,Housing,0.90,False,False,False,Someone entered the person's property without permission and caused harm
llama3,M_sparse,56,enna popa onji vil budande tir poyi bokka enna megge-palayenakulu enan buddu astin pura pattonduller.,My father died without a will and my siblings are dividing everything without me,Estates/Wills,,Torts/Individuals,Housing,Land/Property,0.90,False,False,False,"Someone entered the person's home without permission, causing tension and potentially harm."
llama3,M_sparse,57,enna ammana bangar enk korper pand pandi bokka amma tir poyi bokka enna palaye aven pura dettonye.,My mother's jewelry was promised to me but my brother took it after she died,Estates/Wills,,Housing,Torts/Individuals,Land/Property,0.85,False,False,False,Family property dispute
llama3,M_sparse,58,enna popa tir poyi bokka enna oppige ijjande enna popa-ammana illan maryer pandd gottand.,I found out my parents' house was sold after my father's death without our agreement,Estates/Wills,Land/Property,Housing,Torts/Individuals,Land/Property,0.95,False,True,True,Unauthorized entry into a person's dwelling
llama3,M_sparse,59,"enna mamu, ajjer-na jagan pattere kenondijjer.",My uncle is refusing to share the property left by my grandfather,Estates/Wills,Land/Property,Torts/Individuals,Housing,Land/Property,0.90,False,True,True,Someone entered the person's home without permission
llama3,M_sparse,60,enna kandani tir poyi bokka enna kandanina kutunbadakulu enan enklena illad kulyere budondijjer.,After my husband passed away his family is not letting me stay in our house,Estates/Wills,Housing,Torts/Individuals,Housing,Land/Property,0.90,False,True,True,Someone entered the person's home without permission
llama3,L_full,41,എങ്കുലു നഡെതൊന്ദുിത്തിനപഗ എന്ന ബരിത്അക്ലെന നായി എന്ന ബാലെൻ ചൂച്ചിണ്ഡ്.,My neighbor's dog bit my child while we were walking,Torts/Individuals,,Torts/Individuals,Housing,Land/Property,0.90,True,True,False,Property damage caused by another person's action
llama3,L_full,42,ഏരൊ എങ്ക്ലെന ഉന്തോന്ദു ഇത്തിന കാർഗ് ആക്ദ് പോയെർ.,Someone crashed into my parked vehicle and drove away,Torts/Individuals,,Torts/Individuals,Housing,Land/Property,0.90,True,True,False,Someone entered the person's house without permission
llama3,L_full,43,ഒഞ്ജി ബേലെദായെ എന്ന മിത്ത് സാമാൻ ബൂഡ്പാദ് എങ്ക് താഗ്ണ്ഡ്.,A worker dropped something that injured me,Torts/Individuals,,Land/Property,Torts/Individuals,Housing,0.90,False,True,True,The person is complaining about someone taking their property without permission.
llama3,L_full,44,ഹള്ളിഡ് യേരാ എന്ന ബാഗ്ഗെ സുള്ളു പണ്ഡ്ഡ് എന്ന പുദർന് ഹാൾ മൽതെർ.,Someone spread lies about me that damaged my reputation in the village,Torts/Individuals,,Torts/Individuals,Housing,Consumer/Money/Debt,0.90,True,True,False,Unauthorized taking of personal belongings without permission
llama3,L_full,45,എന്ന നെരെകരെദ അക്ലെന പെത്തലു എന്ന പൂരാ ബുളെൻ തിന്ദ്ഡ് ഹാൾ മൽത്ണ്ഡ്.,My neighbor's cattle keep destroying my crops,Torts/Individuals,Land/Property,Torts/Individuals,Land/Property,Housing,0.95,True,True,False,Physical harm/damage caused by another person's action
llama3,L_full,46,"എങ്ക് ന്യായാലയദ ഒഞ്ജി കാകജി ബൈദ്ണ്ഡ്, മാത്ര ഐട് ദാദ പണൊന്ദുല്ലെർ പണ്ഡ്ഡ് ഗൊത്തിജി.",I received a court notice but I don't understand what it is asking me to do,Courts/Legal-System,,Courts/Legal-System,Torts/Individuals,IP/Identity,0.85,True,True,False,Dispute over a document and permission suggests legal or official issue
llama3,L_full,47,"എങ്ക് ന്യായാലയഗ് പോപിന താരീഖ് തത്ണ്ഡ്, ദായെഗ് പണ്ഡ എങ്ക് ഏരേലാ ഏപ ഏ പോഡു പണ്ഡ്ഡ് പണ്ഡിജെർ.",I missed a court date because no one explained when I needed to appear,Courts/Legal-System,,Land/Property,Torts/Individuals,Courts/Legal-System,0.85,False,True,True,Dispute related to land or property
llama3,L_full,48,എങ്ക് എന്ന കെൽസദ ധനിന മിത്ത് എഞ്ച ദൂരു കൊരോഡു പണ്ഡ്ഡ് ഗൊത്തിജി.,I don't know how to file a complaint against my employer,Courts/Legal-System,Work/Employment,Housing,Torts/Individuals,Consumer/Money/Debt,0.85,False,False,False,Landlord-tenant dispute over something belonging to the person
llama3,L_full,49,പൊലീസ്-ദ അകുലു എന്ന ദൂരുൻ ദെത്തൊനെരെ തയാർ ഇജ്ജെർ.,The police would not register my complaint,Courts/Legal-System,,Torts/Individuals,Housing,Consumer/Money/Debt,0.85,False,False,False,Someone took something from the person without their permission
llama3,L_full,50,"എങ്ക് ഒഞ്ജി വകീൽ ബോഡു പണ്ഡ്ഡ് പണ്ഡെർ, മാത്ര എങ്ക് വകീൽന് എഞ്ച നാഡോഡു പണ്ഡ്ഡ് ഗൊത്തിജി.",I was told I need a lawyer but I don't know how to find one,Courts/Legal-System,,Torts/Individuals,Land/Property,Housing,0.90,False,False,False,Property taken without permission
llama3,L_full,51,എങ്ക് ഗൊത്തിജന്ദേ യേരാ എന്ന പുദർഡ് സാല ദെത്തൊന്യെർ.,Someone opened a loan in my name without my knowledge,IP/Identity,Consumer/Money/Debt,Consumer/Money/Debt,Torts/Individuals,Housing,0.90,False,True,True,The situation involves a debt-related issue where someone owes the person money that was borrowed.
llama3,L_full,52,എനഡ കേനന്ദേ യേരാ എന്ന ഫോടോൻ ജാഹീരാതുഡ് ഉപയോഗ മൽതൊന്ദുല്ലെർ.,My photo is being used in an advertisement without my permission,IP/Identity,,IP/Identity,Torts/Individuals,Courts/Legal-System,0.90,True,True,False,Photo taken without permission
llama3,L_full,53,യേരാ എന്നലെക ആൻലൈൻ-ഡ് നടനെ മൽത്ഡ് എന്ന കുടുംബദക്ലെൻ ഡോംഗി മൽതൊന്ദുല്ലെർ.,Someone is pretending to be me online to trick my relatives,IP/Identity,,Housing,Torts/Individuals,Land/Property,0.85,False,False,False,Family member's action affecting their house
llama3,L_full,54,വൊവാ ഒഞ്ജി അംഗഡി എന്ന കുടുംബദ അംഗഡിദ പുദരൻ ഉപയോഗ മൽതൊന്ദുണ്ഡു,A shop is using my family's business name without asking,IP/Identity,,IP/Identity,Torts/Individuals,Estates/Wills,0.90,True,True,False,Misuse of personal identity
llama3,L_full,55,എങ്ക്ലെന കുടുംബ മൽത്ഡ് മാരുന സാമാന്ദ ഡിസൈൻ-ന് യേരാ കണ്ഡ്ദെർ.,Someone stole the design of the products my family makes and sells,IP/Identity,,Estates/Wills,Land/Property,Torts/Individuals,0.85,False,False,False,Family-related issue with design/plans
llama3,L_full,56,എന്ന പോപ ഒഞ്ജി വിൽ ബുഡന്ദേ തീർ പോയി ബൊക്ക എന്ന മെഗ്ഗെ-പലയെനകുലു എനൻ ബുഡ്ഡു ആസ്തിൻ പൂരാ പട്ടോന്ദുല്ലെർ.,My father died without a will and my siblings are dividing everything without me,Estates/Wills,,Housing,Torts/Individuals,Land/Property,0.85,False,False,False,"Someone took something that belongs to the person, likely their property"
llama3,L_full,57,എന്ന അമ്മന ബംഗാർ എങ്ക് കൊർപെർ പണ്ഡ് പണ്ഡി ബൊക്ക അമ്മ തീർ പോയി ബൊക്ക എന്ന പലയെ അവെൻ പൂരാ ദെത്തൊന്യെ.,My mother's jewelry was promised to me but my brother took it after she died,Estates/Wills,,Housing,Consumer/Money/Debt,Torts/Individuals,0.85,False,False,False,Mother leaving a place behind
llama3,L_full,58,എന്ന പോപ തീർ പോയി ബൊക്ക എന്ന ഒപ്പിഗെ ഇജ്ജന്ദെ എന്ന പോപ-അമ്മന ഇല്ലൻ മാര്യെർ പണ്ഡ്ഡ് ഗൊത്താണ്ഡ്.,I found out my parents' house was sold after my father's death without our agreement,Estates/Wills,Land/Property,IP/Identity,Estates/Wills,Torts/Individuals,0.60,False,True,True,The situation involves a family member's departure without permission.
llama3,L_full,59,"എന്ന മാമു, അജ്ജെർ-ന ജാഗൻ പട്ടെരെ കേനോന്ദിജ്ജെർ.",My uncle is refusing to share the property left by my grandfather,Estates/Wills,Land/Property,Land/Property,Torts/Individuals,Housing,0.85,False,True,True,Neighbor entering person's land without permission
llama3,L_full,60,എന്ന കണ്ഡനി തീർ പോയി ബൊക്ക എന്ന കണ്ഡനിന കുടുംബദകുലു എനൻ എങ്ക്ലെന ഇല്ലഡ് കുല്യെരെ ബുഡോന്ദിജ്ജെർ.,After my husband passed away his family is not letting me stay in our house,Estates/Wills,Housing,Land/Property,Torts/Individuals,Housing,0.90,False,True,True,Family property taken without permission
llama3,L_sparse,41,എങ്കുലു നഡെതൊന്ദുിത്തിനപഗ എന്ന ബരിത്അക്ലെന നായി എന്ന ബാലെൻ ചൂച്ചിണ്ഡ്.,My neighbor's dog bit my child while we were walking,Torts/Individuals,,Torts/Individuals,Housing,Consumer/Money/Debt,0.90,True,True,False,Property damage caused by another individual's action
llama3,L_sparse,42,ഏരൊ എങ്ക്ലെന ഉന്തോന്ദു ഇത്തിന കാർഗ് ആക്ദ് പോയെർ.,Someone crashed into my parked vehicle and drove away,Torts/Individuals,,Land/Property,Torts/Individuals,Housing,0.90,False,True,True,Neighbor taking property without permission
llama3,L_sparse,43,ഒഞ്ജി ബേലെദായെ എന്ന മിത്ത് സാമാൻ ബൂഡ്പാദ് എങ്ക് താഗ്ണ്ഡ്.,A worker dropped something that injured me,Torts/Individuals,,Estates/Wills,Land/Property,Housing,0.90,False,False,False,Inheritance and family property disputes
llama3,L_sparse,44,ഹള്ളിഡ് യേരാ എന്ന ബാഗ്ഗെ സുള്ളു പണ്ഡ്ഡ് എന്ന പുദർന് ഹാൾ മൽതെർ.,Someone spread lies about me that damaged my reputation in the village,Torts/Individuals,,Torts/Individuals,Housing,Land/Property,0.90,True,True,False,Someone entered the individual's home without permission and caused damage.
llama3,L_sparse,45,എന്ന നെരെകരെദ അക്ലെന പെത്തലു എന്ന പൂരാ ബുളെൻ തിന്ദ്ഡ് ഹാൾ മൽത്ണ്ഡ്.,My neighbor's cattle keep destroying my crops,Torts/Individuals,Land/Property,Housing,Torts/Individuals,Courts/Legal-System,0.95,False,True,True,Unauthorized entry into a person's dwelling
llama3,L_sparse,46,"എങ്ക് ന്യായാലയദ ഒഞ്ജി കാകജി ബൈദ്ണ്ഡ്, മാത്ര ഐട് ദാദ പണൊന്ദുല്ലെർ പണ്ഡ്ഡ് ഗൊത്തിജി.",I received a court notice but I don't understand what it is asking me to do,Courts/Legal-System,,Torts/Individuals,Land/Property,Housing,0.85,False,False,False,Property damage caused by another person's action
llama3,L_sparse,47,"എങ്ക് ന്യായാലയഗ് പോപിന താരീഖ് തത്ണ്ഡ്, ദായെഗ് പണ്ഡ എങ്ക് ഏരേലാ ഏപ ഏ പോഡു പണ്ഡ്ഡ് പണ്ഡിജെർ.",I missed a court date because no one explained when I needed to appear,Courts/Legal-System,,Torts/Individuals,Housing,Land/Property,0.90,False,False,False,Unwanted visit or trespassing at the person's location
llama3,L_sparse,48,എങ്ക് എന്ന കെൽസദ ധനിന മിത്ത് എഞ്ച ദൂരു കൊരോഡു പണ്ഡ്ഡ് ഗൊത്തിജി.,I don't know how to file a complaint against my employer,Courts/Legal-System,Work/Employment,Consumer/Money/Debt,Torts/Individuals,Housing,0.90,False,False,False,Unauthorized use of money
llama3,L_sparse,49,പൊലീസ്-ദ അകുലു എന്ന ദൂരുൻ ദെത്തൊനെരെ തയാർ ഇജ്ജെർ.,The police would not register my complaint,Courts/Legal-System,,Courts/Legal-System,Land/Property,Torts/Individuals,0.90,True,True,False,Police involvement and distant relative suggest a legal or judicial issue
llama3,L_sparse,50,"എങ്ക് ഒഞ്ജി വകീൽ ബോഡു പണ്ഡ്ഡ് പണ്ഡെർ, മാത്ര എങ്ക് വകീൽന് എഞ്ച നാഡോഡു പണ്ഡ്ഡ് ഗൊത്തിജി.",I was told I need a lawyer but I don't know how to find one,Courts/Legal-System,,Estates/Wills,Land/Property,Torts/Individuals,0.85,False,False,False,Inheritance dispute or family property conflict
llama3,L_sparse,51,എങ്ക് ഗൊത്തിജന്ദേ യേരാ എന്ന പുദർഡ് സാല ദെത്തൊന്യെർ.,Someone opened a loan in my name without my knowledge,IP/Identity,Consumer/Money/Debt,Torts/Individuals,Land/Property,Housing,0.90,False,False,False,Property damage or personal injury caused by another individual's action
llama3,L_sparse,52,എനഡ കേനന്ദേ യേരാ എന്ന ഫോടോൻ ജാഹീരാതുഡ് ഉപയോഗ മൽതൊന്ദുല്ലെർ.,My photo is being used in an advertisement without my permission,IP/Identity,,Torts/Individuals,Land/Property,Housing,0.90,False,False,False,Property taken without permission
llama3,L_sparse,53,യേരാ എന്നലെക ആൻലൈൻ-ഡ് നടനെ മൽത്ഡ് എന്ന കുടുംബദക്ലെൻ ഡോംഗി മൽതൊന്ദുല്ലെർ.,Someone is pretending to be me online to trick my relatives,IP/Identity,,Land/Property,Torts/Individuals,Housing,0.90,False,False,False,Family property dispute
llama3,L_sparse,54,വൊവാ ഒഞ്ജി അംഗഡി എന്ന കുടുംബദ അംഗഡിദ പുദരൻ ഉപയോഗ മൽതൊന്ദുണ്ഡു,A shop is using my family's business name without asking,IP/Identity,,Torts/Individuals,Land/Property,Housing,0.90,False,False,False,Family member using personal property without permission
llama3,L_sparse,55,എങ്ക്ലെന കുടുംബ മൽത്ഡ് മാരുന സാമാന്ദ ഡിസൈൻ-ന് യേരാ കണ്ഡ്ദെർ.,Someone stole the design of the products my family makes and sells,IP/Identity,,IP/Identity,Land/Property,Torts/Individuals,0.90,True,True,False,Misuse of personal or business identity
llama3,L_sparse,56,എന്ന പോപ ഒഞ്ജി വിൽ ബുഡന്ദേ തീർ പോയി ബൊക്ക എന്ന മെഗ്ഗെ-പലയെനകുലു എനൻ ബുഡ്ഡു ആസ്തിൻ പൂരാ പട്ടോന്ദുല്ലെർ.,My father died without a will and my siblings are dividing everything without me,Estates/Wills,,Housing,Torts/Individuals,Consumer/Money/Debt,0.85,False,False,False,Landlord-tenant relationship or neighborly dispute
llama3,L_sparse,57,എന്ന അമ്മന ബംഗാർ എങ്ക് കൊർപെർ പണ്ഡ് പണ്ഡി ബൊക്ക അമ്മ തീർ പോയി ബൊക്ക എന്ന പലയെ അവെൻ പൂരാ ദെത്തൊന്യെ.,My mother's jewelry was promised to me but my brother took it after she died,Estates/Wills,,Estates/Wills,Torts/Individuals,Housing,0.90,True,True,False,"The situation involves a mother leaving her child, which is typical of estate or inheritance-related issues."
llama3,L_sparse,58,എന്ന പോപ തീർ പോയി ബൊക്ക എന്ന ഒപ്പിഗെ ഇജ്ജന്ദെ എന്ന പോപ-അമ്മന ഇല്ലൻ മാര്യെർ പണ്ഡ്ഡ് ഗൊത്താണ്ഡ്.,I found out my parents' house was sold after my father's death without our agreement,Estates/Wills,Land/Property,Housing,Land/Property,Torts/Individuals,0.85,False,True,True,Family home or property issue
llama3,L_sparse,59,"എന്ന മാമു, അജ്ജെർ-ന ജാഗൻ പട്ടെരെ കേനോന്ദിജ്ജെർ.",My uncle is refusing to share the property left by my grandfather,Estates/Wills,Land/Property,Land/Property,Housing,Torts/Individuals,0.85,False,True,True,Dispute over mother's property
llama3,L_sparse,60,എന്ന കണ്ഡനി തീർ പോയി ബൊക്ക എന്ന കണ്ഡനിന കുടുംബദകുലു എനൻ എങ്ക്ലെന ഇല്ലഡ് കുല്യെരെ ബുഡോന്ദിജ്ജെർ.,After my husband passed away his family is not letting me stay in our house,Estates/Wills,Housing,Housing,Land/Property,Estates/Wills,0.70,False,True,True,"The situation involves a family member leaving their home, which is related to housing."
llama3,K_full,41,எங்குலு நடெ³தொந்து³ித்தினபக³ என்ன ப³ரித்அக்லென நாயி என்ன பா³லென் சூச்சிண்ட்³.,My neighbor's dog bit my child while we were walking,Torts/Individuals,,Torts/Individuals,Land/Property,Housing,0.90,True,True,False,Property damage or personal injury caused by another individual
llama3,K_full,42,ஏரொ எங்க்லென உந்தோந்து³ இத்தின கார்க்³ ஆக்த்³ போயெர்.,Someone crashed into my parked vehicle and drove away,Torts/Individuals,,Land/Property,Torts/Individuals,Housing,0.85,False,True,True,Dispute over ownership or possession of land or property
llama3,K_full,43,ஒஞ்ஜி பே³லெதா³யெ என்ன மித்த் ஸாமான் பூ³ட்³பாத்³ எங்க் தாக்³ண்ட்³.,A worker dropped something that injured me,Torts/Individuals,,Land/Property,Torts/Individuals,Housing,0.85,False,True,True,"Someone took something belonging to the person, possibly without permission."
llama3,K_full,44,ஹள்ளிட்³ யேரா என்ன பா³க்³கெ³ ஸுள்ளு பண்ட்³ட்³ என்ன புத³ர்ன் ஹாள் மல்தெர்.,Someone spread lies about me that damaged my reputation in the village,Torts/Individuals,,IP/Identity,Torts/Individuals,Housing,0.90,False,True,True,The situation involves someone taking the person's name without permission.
llama3,K_full,45,என்ன நெரெகரெத³ அக்லென பெத்தலு என்ன பூரா பு³ளென் திந்த்³ட்³ ஹாள் மல்த்ண்ட்³.,My neighbor's cattle keep destroying my crops,Torts/Individuals,Land/Property,Torts/Individuals,Land/Property,Housing,0.90,True,True,False,Property damage caused by another person's negligence
llama3,K_full,46,"எங்க் ந்யாயாலயத³ ஒஞ்ஜி காகஜி பை³த்³ண்ட்³, மாத்ர ஐட் தா³த³ பணொந்து³ல்லெர் பண்ட்³ட்³ கொ³த்திஜி.",I received a court notice but I don't understand what it is asking me to do,Courts/Legal-System,,IP/Identity,Torts/Individuals,Courts/Legal-System,0.90,False,True,True,Unauthorized use of personal information
llama3,K_full,47,"எங்க் ந்யாயாலயக்³ போபின தாரீக்² தத்ண்ட்³, தா³யெக்³ பண்ட³ எங்க் ஏரேலா ஏப ஏ போடு³ பண்ட்³ட்³ பண்டி³ஜெர்.",I missed a court date because no one explained when I needed to appear,Courts/Legal-System,,Housing,Torts/Individuals,Courts/Legal-System,0.95,False,True,True,Someone entered their house without permission
llama3,K_full,48,எங்க் என்ன கெல்ஸத³ த⁴னின மித்த் எஞ்ச தூ³ரு கொரோடு³ பண்ட்³ட்³ கொ³த்திஜி.,I don't know how to file a complaint against my employer,Courts/Legal-System,Work/Employment,Land/Property,Torts/Individuals,Housing,0.90,False,False,False,Property taken without permission
llama3,K_full,49,பொலீஸ்-த³ அகுலு என்ன தூ³ருன் தெ³த்தொனெரெ தயார் இஜ்ஜெர்.,The police would not register my complaint,Courts/Legal-System,,Torts/Individuals,Housing,Consumer/Money/Debt,0.90,False,False,False,Police involvement and possible personal injury or property damage
llama3,K_full,50,"எங்க் ஒஞ்ஜி வகீல் போ³டு³ பண்ட்³ட்³ பண்டெ³ர், மாத்ர எங்க் வகீல்ன் எஞ்ச நாடோ³டு³ பண்ட்³ட்³ கொ³த்திஜி.",I was told I need a lawyer but I don't know how to find one,Courts/Legal-System,,Housing,Torts/Individuals,Courts/Legal-System,0.90,False,True,True,Landlord-tenant relationship and issue with landlord's behavior
llama3,K_full,51,எங்க் கொ³த்திஜந்தே³ யேரா என்ன புத³ர்ட்³ ஸால தெ³த்தொன்யெர்.,Someone opened a loan in my name without my knowledge,IP/Identity,Consumer/Money/Debt,IP/Identity,Torts/Individuals,Housing,0.90,True,True,False,Misuse of personal or business identity
llama3,K_full,52,எனட³ கேனந்தே³ யேரா என்ன போ²டோன் ஜாஹீராதுட்³ உபயோக³ மல்தொந்து³ல்லெர்.,My photo is being used in an advertisement without my permission,IP/Identity,,Torts/Individuals,Land/Property,IP/Identity,0.85,False,True,True,Property damage or personal injury caused by another individual
llama3,K_full,53,யேரா என்னலெக ஆன்லைன்-ட்³ நடனெ மல்த்ட்³ என்ன குடும்ப³த³க்லென் டோ³ங்கி³ மல்தொந்து³ல்லெர்.,Someone is pretending to be me online to trick my relatives,IP/Identity,,Housing,Land/Property,Torts/Individuals,0.85,False,False,False,Family-related issue with property
llama3,K_full,54,வொவா ஒஞ்ஜி அங்க³டி³ என்ன குடும்ப³த³ அங்க³டி³த³ புத³ரன் உபயோக³ மல்தொந்து³ண்டு³,A shop is using my family's business name without asking,IP/Identity,,IP/Identity,Estates/Wills,Torts/Individuals,0.85,True,True,False,Use of family name without permission
llama3,K_full,55,எங்க்லென குடும்ப³ மல்த்ட்³ மாருன ஸாமாந்த³ டி³ஸைன்-ந் யேரா கண்ட்³தெ³ர்.,Someone stole the design of the products my family makes and sells,IP/Identity,,Estates/Wills,Land/Property,Torts/Individuals,0.85,False,False,False,Family and inheritance-related dispute
llama3,K_full,56,என்ன போப ஒஞ்ஜி வில் பு³ட³ந்தே³ தீர் போயி பொ³க்க என்ன மெக்³கெ³-பலயெநகுலு எனன் பு³ட்³டு³ ஆஸ்தின் பூரா பட்டோந்து³ல்லெர்.,My father died without a will and my siblings are dividing everything without me,Estates/Wills,,Torts/Individuals,Land/Property,Housing,0.90,False,False,False,Property taken without permission
llama3,K_full,57,என்ன அம்மன ப³ங்கா³ர் எங்க் கொர்பெர் பண்ட்³ பண்டி³ பொ³க்க அம்ம தீர் போயி பொ³க்க என்ன பலயெ அவென் பூரா தெ³த்தொன்யெ.,My mother's jewelry was promised to me but my brother took it after she died,Estates/Wills,,Estates/Wills,Land/Property,Torts/Individuals,0.90,True,True,False,Inheritance dispute after someone's death
llama3,K_full,58,என்ன போப தீர் போயி பொ³க்க என்ன ஒப்பிகெ³ இஜ்ஜந்தெ³ என்ன போப-அம்மன இல்லன் மார்யெர் பண்ட்³ட்³ கொ³த்தாண்ட்³.,I found out my parents' house was sold after my father's death without our agreement,Estates/Wills,Land/Property,Torts/Individuals,Housing,Consumer/Money/Debt,0.90,False,False,False,Someone entered the person's house without permission
llama3,K_full,59,"என்ன மாமு, அஜ்ஜெர்-ந ஜாக³ன் பட்டெரெ கேனோந்தி³ஜ்ஜெர்.",My uncle is refusing to share the property left by my grandfather,Estates/Wills,Land/Property,Torts/Individuals,Housing,Land/Property,0.90,False,True,True,Someone entered the person's house without permission and did something to it.
llama3,K_full,60,என்ன கண்ட³னி தீர் போயி பொ³க்க என்ன கண்ட³னின குடும்ப³த³குலு எனன் எங்க்லென இல்லட்³ குல்யெரெ பு³டோ³ந்தி³ஜ்ஜெர்.,After my husband passed away his family is not letting me stay in our house,Estates/Wills,Housing,Land/Property,Torts/Individuals,Estates/Wills,0.85,False,True,True,Family property and dispute with someone else's actions
llama3,K_sparse,41,எங்குலு நடெ³தொந்து³ித்தினபக³ என்ன ப³ரித்அக்லென நாயி என்ன பா³லென் சூச்சிண்ட்³.,My neighbor's dog bit my child while we were walking,Torts/Individuals,,Land/Property,Torts/Individuals,Housing,0.90,False,True,True,"The situation involves someone taking something that belongs to the person, suggesting a dispute over ownership or possession of land or property."
llama3,K_sparse,42,ஏரொ எங்க்லென உந்தோந்து³ இத்தின கார்க்³ ஆக்த்³ போயெர்.,Someone crashed into my parked vehicle and drove away,Torts/Individuals,,Land/Property,Torts/Individuals,Housing,0.90,False,True,True,The person's property has been taken without permission.
llama3,K_sparse,43,ஒஞ்ஜி பே³லெதா³யெ என்ன மித்த் ஸாமான் பூ³ட்³பாத்³ எங்க் தாக்³ண்ட்³.,A worker dropped something that injured me,Torts/Individuals,,PARSE_FAILURE_NO_ANSWER,PARSE_FAILURE_NO_ANSWER,PARSE_FAILURE_NO_ANSWER,0.00,False,False,False,parse error
llama3,K_sparse,44,ஹள்ளிட்³ யேரா என்ன பா³க்³கெ³ ஸுள்ளு பண்ட்³ட்³ என்ன புத³ர்ன் ஹாள் மல்தெர்.,Someone spread lies about me that damaged my reputation in the village,Torts/Individuals,,Land/Property,Torts/Individuals,Housing,0.90,False,True,True,Dispute over ownership or possession of land or property
llama3,K_sparse,45,என்ன நெரெகரெத³ அக்லென பெத்தலு என்ன பூரா பு³ளென் திந்த்³ட்³ ஹாள் மல்த்ண்ட்³.,My neighbor's cattle keep destroying my crops,Torts/Individuals,Land/Property,Land/Property,Torts/Individuals,Housing,0.90,False,True,True,Dispute over ownership or possession of land or property
llama3,K_sparse,46,"எங்க் ந்யாயாலயத³ ஒஞ்ஜி காகஜி பை³த்³ண்ட்³, மாத்ர ஐட் தா³த³ பணொந்து³ல்லெர் பண்ட்³ட்³ கொ³த்திஜி.",I received a court notice but I don't understand what it is asking me to do,Courts/Legal-System,,Torts/Individuals,Land/Property,Housing,0.90,False,False,False,Property damage or personal injury caused by another individual
llama3,K_sparse,47,"எங்க் ந்யாயாலயக்³ போபின தாரீக்² தத்ண்ட்³, தா³யெக்³ பண்ட³ எங்க் ஏரேலா ஏப ஏ போடு³ பண்ட்³ட்³ பண்டி³ஜெர்.",I missed a court date because no one explained when I needed to appear,Courts/Legal-System,,Torts/Individuals,Land/Property,Housing,0.90,False,False,False,Property taken without permission
llama3,K_sparse,48,எங்க் என்ன கெல்ஸத³ த⁴னின மித்த் எஞ்ச தூ³ரு கொரோடு³ பண்ட்³ட்³ கொ³த்திஜி.,I don't know how to file a complaint against my employer,Courts/Legal-System,Work/Employment,Land/Property,Torts/Individuals,Housing,0.85,False,False,False,"The situation involves someone taking something that belongs to the person, suggesting a dispute over ownership or possession of land or property."
llama3,K_sparse,49,பொலீஸ்-த³ அகுலு என்ன தூ³ருன் தெ³த்தொனெரெ தயார் இஜ்ஜெர்.,The police would not register my complaint,Courts/Legal-System,,Torts/Individuals,Housing,Land/Property,0.85,False,False,False,Police involvement and personal property dispute
llama3,K_sparse,50,"எங்க் ஒஞ்ஜி வகீல் போ³டு³ பண்ட்³ட்³ பண்டெ³ர், மாத்ர எங்க் வகீல்ன் எஞ்ச நாடோ³டு³ பண்ட்³ட்³ கொ³த்திஜி.",I was told I need a lawyer but I don't know how to find one,Courts/Legal-System,,Torts/Individuals,Consumer/Money/Debt,Housing,0.90,False,False,False,Personal injury or property damage caused by another individual
llama3,K_sparse,51,எங்க் கொ³த்திஜந்தே³ யேரா என்ன புத³ர்ட்³ ஸால தெ³த்தொன்யெர்.,Someone opened a loan in my name without my knowledge,IP/Identity,Consumer/Money/Debt,Housing,Torts/Individuals,Consumer/Money/Debt,0.95,False,True,True,Unauthorized entry into a person's dwelling
llama3,K_sparse,52,எனட³ கேனந்தே³ யேரா என்ன போ²டோன் ஜாஹீராதுட்³ உபயோக³ மல்தொந்து³ல்லெர்.,My photo is being used in an advertisement without my permission,IP/Identity,,Torts/Individuals,Land/Property,Housing,0.90,False,False,False,Property damage or personal injury caused by another individual
llama3,K_sparse,53,யேரா என்னலெக ஆன்லைன்-ட்³ நடனெ மல்த்ட்³ என்ன குடும்ப³த³க்லென் டோ³ங்கி³ மல்தொந்து³ல்லெர்.,Someone is pretending to be me online to trick my relatives,IP/Identity,,Housing,Land/Property,Torts/Individuals,0.85,False,False,False,Family and dwelling-related issue
llama3,K_sparse,54,வொவா ஒஞ்ஜி அங்க³டி³ என்ன குடும்ப³த³ அங்க³டி³த³ புத³ரன் உபயோக³ மல்தொந்து³ண்டு³,A shop is using my family's business name without asking,IP/Identity,,Torts/Individuals,Land/Property,Housing,0.85,False,False,False,Someone else's actions caused harm or damage to the person's family and property
llama3,K_sparse,55,எங்க்லென குடும்ப³ மல்த்ட்³ மாருன ஸாமாந்த³ டி³ஸைன்-ந் யேரா கண்ட்³தெ³ர்.,Someone stole the design of the products my family makes and sells,IP/Identity,,Estates/Wills,Land/Property,Torts/Individuals,0.85,False,False,False,Family-related dispute over property or inheritance
llama3,K_sparse,56,என்ன போப ஒஞ்ஜி வில் பு³ட³ந்தே³ தீர் போயி பொ³க்க என்ன மெக்³கெ³-பலயெநகுலு எனன் பு³ட்³டு³ ஆஸ்தின் பூரா பட்டோந்து³ல்லெர்.,My father died without a will and my siblings are dividing everything without me,Estates/Wills,,Land/Property,Torts/Individuals,Housing,0.90,False,False,False,The person's property has been taken without permission.
llama3,K_sparse,57,என்ன அம்மன ப³ங்கா³ர் எங்க் கொர்பெர் பண்ட்³ பண்டி³ பொ³க்க அம்ம தீர் போயி பொ³க்க என்ன பலயெ அவென் பூரா தெ³த்தொன்யெ.,My mother's jewelry was promised to me but my brother took it after she died,Estates/Wills,,Land/Property,Torts/Individuals,Housing,0.85,False,False,False,Dispute over ownership or possession of land or property
llama3,K_sparse,58,என்ன போப தீர் போயி பொ³க்க என்ன ஒப்பிகெ³ இஜ்ஜந்தெ³ என்ன போப-அம்மன இல்லன் மார்யெர் பண்ட்³ட்³ கொ³த்தாண்ட்³.,I found out my parents' house was sold after my father's death without our agreement,Estates/Wills,Land/Property,IP/Identity,Land/Property,Torts/Individuals,0.85,False,True,True,Ownership and identity issue
llama3,K_sparse,59,"என்ன மாமு, அஜ்ஜெர்-ந ஜாக³ன் பட்டெரெ கேனோந்தி³ஜ்ஜெர்.",My uncle is refusing to share the property left by my grandfather,Estates/Wills,Land/Property,Land/Property,Torts/Individuals,Housing,0.90,False,True,True,The person's property has been taken without permission.
llama3,K_sparse,60,என்ன கண்ட³னி தீர் போயி பொ³க்க என்ன கண்ட³னின குடும்ப³த³குலு எனன் எங்க்லென இல்லட்³ குல்யெரெ பு³டோ³ந்தி³ஜ்ஜெர்.,After my husband passed away his family is not letting me stay in our house,Estates/Wills,Housing,Estates/Wills,Land/Property,Torts/Individuals,0.85,True,True,False,Family-related issue involving inheritance or property rights
llama3,J,41,എങ്കുലു നഡെതൊന്ദുിത്തിനപഗ എന്ന ബരിത്അക്ലെന നായി എന്ന ബാലെൻ ചൂച്ചിണ്ഡ്.,My neighbor's dog bit my child while we were walking,Torts/Individuals,,Torts/Individuals,Housing,Land/Property,0.90,True,True,False,Someone entered the person's home without permission and caused harm
llama3,J,42,ഏരൊ എങ്ക്ലെന ഉന്തോന്ദു ഇത്തിന കാർഗ് ആക്ദ് പോയെർ.,Someone crashed into my parked vehicle and drove away,Torts/Individuals,,Housing,Torts/Individuals,Courts/Legal-System,0.90,False,True,True,Someone entering your house without permission
llama3,J,43,ഒഞ്ജി ബേലെദായെ എന്ന മിത്ത് സാമാൻ ബൂഡ്പാദ് എങ്ക് താഗ്ണ്ഡ്.,A worker dropped something that injured me,Torts/Individuals,,Torts/Individuals,Housing,Land/Property,0.85,True,True,False,Personal injury or property damage caused by another person
llama3,J,44,ഹള്ളിഡ് യേരാ എന്ന ബാഗ്ഗെ സുള്ളു പണ്ഡ്ഡ് എന്ന പുദർന് ഹാൾ മൽതെർ.,Someone spread lies about me that damaged my reputation in the village,Torts/Individuals,,Torts/Individuals,Housing,Consumer/Money/Debt,0.90,True,True,False,Unauthorized entry and theft of personal property
llama3,J,45,എന്ന നെരെകരെദ അക്ലെന പെത്തലു എന്ന പൂരാ ബുളെൻ തിന്ദ്ഡ് ഹാൾ മൽത്ണ്ഡ്.,My neighbor's cattle keep destroying my crops,Torts/Individuals,Land/Property,Torts/Individuals,Housing,Land/Property,0.90,True,True,False,Someone entered the person's home without permission and is refusing to leave.
llama3,J,46,"എങ്ക് ന്യായാലയദ ഒഞ്ജി കാകജി ബൈദ്ണ്ഡ്, മാത്ര ഐട് ദാദ പണൊന്ദുല്ലെർ പണ്ഡ്ഡ് ഗൊത്തിജി.",I received a court notice but I don't understand what it is asking me to do,Courts/Legal-System,,Torts/Individuals,Housing,Land/Property,0.90,False,False,False,Someone entered the person's home without permission and refuses to leave
llama3,J,47,"എങ്ക് ന്യായാലയഗ് പോപിന താരീഖ് തത്ണ്ഡ്, ദായെഗ് പണ്ഡ എങ്ക് ഏരേലാ ഏപ ഏ പോഡു പണ്ഡ്ഡ് പണ്ഡിജെർ.",I missed a court date because no one explained when I needed to appear,Courts/Legal-System,,Consumer/Money/Debt,Torts/Individuals,Housing,0.90,False,False,False,Money taken without permission
llama3,J,48,എങ്ക് എന്ന കെൽസദ ധനിന മിത്ത് എഞ്ച ദൂരു കൊരോഡു പണ്ഡ്ഡ് ഗൊത്തിജി.,I don't know how to file a complaint against my employer,Courts/Legal-System,Work/Employment,Consumer/Money/Debt,Torts/Individuals,Housing,0.85,False,False,False,Problem with money not being returned
llama3,J,49,പൊലീസ്-ദ അകുലു എന്ന ദൂരുൻ ദെത്തൊനെരെ തയാർ ഇജ്ജെർ.,The police would not register my complaint,Courts/Legal-System,,Torts/Individuals,Housing,Courts/Legal-System,0.70,False,True,True,Police involvement and distance/distance-related issues suggest a personal injury or property damage scenario
llama3,J,50,"എങ്ക് ഒഞ്ജി വകീൽ ബോഡു പണ്ഡ്ഡ് പണ്ഡെർ, മാത്ര എങ്ക് വകീൽന് എഞ്ച നാഡോഡു പണ്ഡ്ഡ് ഗൊത്തിജി.",I was told I need a lawyer but I don't know how to find one,Courts/Legal-System,,Housing,Torts/Individuals,Land/Property,0.90,False,False,False,Unauthorized entry into the home without permission
llama3,J,51,എങ്ക് ഗൊത്തിജന്ദേ യേരാ എന്ന പുദർഡ് സാല ദെത്തൊന്യെർ.,Someone opened a loan in my name without my knowledge,IP/Identity,Consumer/Money/Debt,Housing,Torts/Individuals,Courts/Legal-System,0.90,False,False,False,Unauthorized entry into a person's dwelling
llama3,J,52,എനഡ കേനന്ദേ യേരാ എന്ന ഫോടോൻ ജാഹീരാതുഡ് ഉപയോഗ മൽതൊന്ദുല്ലെർ.,My photo is being used in an advertisement without my permission,IP/Identity,,Torts/Individuals,Housing,IP/Identity,0.90,False,True,True,Personal injury or property damage caused by another individual
llama3,J,53,യേരാ എന്നലെക ആൻലൈൻ-ഡ് നടനെ മൽത്ഡ് എന്ന കുടുംബദക്ലെൻ ഡോംഗി മൽതൊന്ദുല്ലെർ.,Someone is pretending to be me online to trick my relatives,IP/Identity,,Torts/Individuals,Housing,Land/Property,0.90,False,False,False,Property damage caused by another person's action
llama3,J,54,വൊവാ ഒഞ്ജി അംഗഡി എന്ന കുടുംബദ അംഗഡിദ പുദരൻ ഉപയോഗ മൽതൊന്ദുണ്ഡു,A shop is using my family's business name without asking,IP/Identity,,Land/Property,Torts/Individuals,Housing,0.90,False,False,False,Someone occupying family property without permission
llama3,J,55,എങ്ക്ലെന കുടുംബ മൽത്ഡ് മാരുന സാമാന്ദ ഡിസൈൻ-ന് യേരാ കണ്ഡ്ദെർ.,Someone stole the design of the products my family makes and sells,IP/Identity,,Land/Property,Housing,Torts/Individuals,0.60,False,False,False,"The situation seems to be related to family property or design, which fits within the Land/Property category."
llama3,J,56,എന്ന പോപ ഒഞ്ജി വിൽ ബുഡന്ദേ തീർ പോയി ബൊക്ക എന്ന മെഗ്ഗെ-പലയെനകുലു എനൻ ബുഡ്ഡു ആസ്തിൻ പൂരാ പട്ടോന്ദുല്ലെർ.,My father died without a will and my siblings are dividing everything without me,Estates/Wills,,Torts/Individuals,Land/Property,Housing,0.90,False,False,False,Physical harm/damage caused by another person's action
llama3,J,57,എന്ന അമ്മന ബംഗാർ എങ്ക് കൊർപെർ പണ്ഡ് പണ്ഡി ബൊക്ക അമ്മ തീർ പോയി ബൊക്ക എന്ന പലയെ അവെൻ പൂരാ ദെത്തൊന്യെ.,My mother's jewelry was promised to me but my brother took it after she died,Estates/Wills,,Torts/Individuals,Housing,Consumer/Money/Debt,0.90,False,False,False,Property damage caused by another person's action
llama3,J,58,എന്ന പോപ തീർ പോയി ബൊക്ക എന്ന ഒപ്പിഗെ ഇജ്ജന്ദെ എന്ന പോപ-അമ്മന ഇല്ലൻ മാര്യെർ പണ്ഡ്ഡ് ഗൊത്താണ്ഡ്.,I found out my parents' house was sold after my father's death without our agreement,Estates/Wills,Land/Property,Torts/Individuals,Housing,Land/Property,0.90,False,True,True,Property taken without permission
llama3,J,59,"എന്ന മാമു, അജ്ജെർ-ന ജാഗൻ പട്ടെരെ കേനോന്ദിജ്ജെർ.",My uncle is refusing to share the property left by my grandfather,Estates/Wills,Land/Property,Land/Property,Housing,Torts/Individuals,0.85,False,True,True,Family member and property involved
llama3,J,60,എന്ന കണ്ഡനി തീർ പോയി ബൊക്ക എന്ന കണ്ഡനിന കുടുംബദകുലു എനൻ എങ്ക്ലെന ഇല്ലഡ് കുല്യെരെ ബുഡോന്ദിജ്ജെർ.,After my husband passed away his family is not letting me stay in our house,Estates/Wills,Housing,Housing,Torts/Individuals,Estates/Wills,0.85,False,True,True,Family and household context
llama3,I,41,எங்குலு நடெ³தொந்து³ித்தினபக³ என்ன ப³ரித்அக்லென நாயி என்ன பா³லென் சூச்சிண்ட்³.,My neighbor's dog bit my child while we were walking,Torts/Individuals,,Torts/Individuals,Housing,Land/Property,0.90,True,True,False,Personal injury or property damage caused by another person
llama3,I,42,ஏரொ எங்க்லென உந்தோந்து³ இத்தின கார்க்³ ஆக்த்³ போயெர்.,Someone crashed into my parked vehicle and drove away,Torts/Individuals,,Torts/Individuals,Housing,Land/Property,0.85,True,True,False,Someone entered another person's home without permission
llama3,I,43,ஒஞ்ஜி பே³லெதா³யெ என்ன மித்த் ஸாமான் பூ³ட்³பாத்³ எங்க் தாக்³ண்ட்³.,A worker dropped something that injured me,Torts/Individuals,,Torts/Individuals,Housing,Land/Property,0.85,True,True,False,Property damage caused by another person's action
llama3,I,44,ஹள்ளிட்³ யேரா என்ன பா³க்³கெ³ ஸுள்ளு பண்ட்³ட்³ என்ன புத³ர்ன் ஹாள் மல்தெர்.,Someone spread lies about me that damaged my reputation in the village,Torts/Individuals,,Torts/Individuals,Housing,Land/Property,0.90,True,True,False,"Someone entered the person's home without permission, causing personal injury or property damage."
llama3,I,45,என்ன நெரெகரெத³ அக்லென பெத்தலு என்ன பூரா பு³ளென் திந்த்³ட்³ ஹாள் மல்த்ண்ட்³.,My neighbor's cattle keep destroying my crops,Torts/Individuals,Land/Property,Torts/Individuals,Housing,Land/Property,0.90,True,True,False,Unauthorized entry into personal property
llama3,I,46,"எங்க் ந்யாயாலயத³ ஒஞ்ஜி காகஜி பை³த்³ண்ட்³, மாத்ர ஐட் தா³த³ பணொந்து³ல்லெர் பண்ட்³ட்³ கொ³த்திஜி.",I received a court notice but I don't understand what it is asking me to do,Courts/Legal-System,,Torts/Individuals,Housing,Land/Property,0.90,False,False,False,Someone entered another person's home without permission
llama3,I,47,"எங்க் ந்யாயாலயக்³ போபின தாரீக்² தத்ண்ட்³, தா³யெக்³ பண்ட³ எங்க் ஏரேலா ஏப ஏ போடு³ பண்ட்³ட்³ பண்டி³ஜெர்.",I missed a court date because no one explained when I needed to appear,Courts/Legal-System,,Housing,Torts/Individuals,Courts/Legal-System,0.90,False,True,True,Trespassing into a dwelling and refusal to leave
llama3,I,48,எங்க் என்ன கெல்ஸத³ த⁴னின மித்த் எஞ்ச தூ³ரு கொரோடு³ பண்ட்³ட்³ கொ³த்திஜி.,I don't know how to file a complaint against my employer,Courts/Legal-System,Work/Employment,Torts/Individuals,Housing,Land/Property,0.90,False,False,False,Someone entered another person's home without permission
llama3,I,49,பொலீஸ்-த³ அகுலு என்ன தூ³ருன் தெ³த்தொனெரெ தயார் இஜ்ஜெர்.,The police would not register my complaint,Courts/Legal-System,,Torts/Individuals,Housing,Land/Property,0.70,False,False,False,"The situation involves police involvement and a family member, which could be related to personal injury or property damage."
llama3,I,50,"எங்க் ஒஞ்ஜி வகீல் போ³டு³ பண்ட்³ட்³ பண்டெ³ர், மாத்ர எங்க் வகீல்ன் எஞ்ச நாடோ³டு³ பண்ட்³ட்³ கொ³த்திஜி.",I was told I need a lawyer but I don't know how to find one,Courts/Legal-System,,Torts/Individuals,Housing,Consumer/Money/Debt,0.90,False,False,False,Physical harm or damage caused by another person's action
llama3,I,51,எங்க் கொ³த்திஜந்தே³ யேரா என்ன புத³ர்ட்³ ஸால தெ³த்தொன்யெர்.,Someone opened a loan in my name without my knowledge,IP/Identity,Consumer/Money/Debt,Housing,Torts/Individuals,Courts/Legal-System,0.90,False,False,False,Unauthorized entry into a dwelling
llama3,I,52,எனட³ கேனந்தே³ யேரா என்ன போ²டோன் ஜாஹீராதுட்³ உபயோக³ மல்தொந்து³ல்லெர்.,My photo is being used in an advertisement without my permission,IP/Identity,,Torts/Individuals,Housing,Land/Property,0.90,False,False,False,Someone entered another person's home without permission
llama3,I,53,யேரா என்னலெக ஆன்லைன்-ட்³ நடனெ மல்த்ட்³ என்ன குடும்ப³த³க்லென் டோ³ங்கி³ மல்தொந்து³ல்லெர்.,Someone is pretending to be me online to trick my relatives,IP/Identity,,Land/Property,Torts/Individuals,Courts/Legal-System,0.70,False,False,False,"The situation involves family and property, suggesting a dispute or issue related to land ownership."
llama3,I,54,வொவா ஒஞ்ஜி அங்க³டி³ என்ன குடும்ப³த³ அங்க³டி³த³ புத³ரன் உபயோக³ மல்தொந்து³ண்டு³,A shop is using my family's business name without asking,IP/Identity,,Torts/Individuals,Housing,Land/Property,0.90,False,False,False,Someone entering another person's home without permission
llama3,I,55,எங்க்லென குடும்ப³ மல்த்ட்³ மாருன ஸாமாந்த³ டி³ஸைன்-ந் யேரா கண்ட்³தெ³ர்.,Someone stole the design of the products my family makes and sells,IP/Identity,,Land/Property,Torts/Individuals,Housing,0.85,False,False,False,Family property dispute
llama3,I,56,என்ன போப ஒஞ்ஜி வில் பு³ட³ந்தே³ தீர் போயி பொ³க்க என்ன மெக்³கெ³-பலயெநகுலு எனன் பு³ட்³டு³ ஆஸ்தின் பூரா பட்டோந்து³ல்லெர்.,My father died without a will and my siblings are dividing everything without me,Estates/Wills,,Torts/Individuals,Housing,Land/Property,0.90,False,False,False,Someone entered the person's home without permission and refuses to leave.
llama3,I,57,என்ன அம்மன ப³ங்கா³ர் எங்க் கொர்பெர் பண்ட்³ பண்டி³ பொ³க்க அம்ம தீர் போயி பொ³க்க என்ன பலயெ அவென் பூரா தெ³த்தொன்யெ.,My mother's jewelry was promised to me but my brother took it after she died,Estates/Wills,,Torts/Individuals,Housing,Land/Property,0.90,False,False,False,Personal injury or property damage caused by another person
llama3,I,58,என்ன போப தீர் போயி பொ³க்க என்ன ஒப்பிகெ³ இஜ்ஜந்தெ³ என்ன போப-அம்மன இல்லன் மார்யெர் பண்ட்³ட்³ கொ³த்தாண்ட்³.,I found out my parents' house was sold after my father's death without our agreement,Estates/Wills,Land/Property,Torts/Individuals,Housing,Land/Property,0.90,False,True,True,Someone entered another person's home without permission and is refusing to leave.
llama3,I,59,"என்ன மாமு, அஜ்ஜெர்-ந ஜாக³ன் பட்டெரெ கேனோந்தி³ஜ்ஜெர்.",My uncle is refusing to share the property left by my grandfather,Estates/Wills,Land/Property,Torts/Individuals,Housing,Land/Property,0.90,False,True,True,Someone entered the person's home without permission
llama3,I,60,என்ன கண்ட³னி தீர் போயி பொ³க்க என்ன கண்ட³னின குடும்ப³த³குலு எனன் எங்க்லென இல்லட்³ குல்யெரெ பு³டோ³ந்தி³ஜ்ஜெர்.,After my husband passed away his family is not letting me stay in our house,Estates/Wills,Housing,Torts/Individuals,Housing,Land/Property,0.90,False,True,True,Physical harm/damage caused by another person's action
llama3,H,41,ಎಂಕುಲು ನಡೆತೊಂದುಿತ್ತಿನಪಗ ಎನ್ನ ಬರಿತ್ಅಕ್ಲೆನ ನಾಯಿ ಎನ್ನ ಬಾಲೆನ್ ಚೂಚ್ಚಿಂಡ್.,My neighbor's dog bit my child while we were walking,Torts/Individuals,,Torts/Individuals,Land/Property,Housing,0.90,True,True,False,Someone entered another person's property without permission and caused damage.
llama3,H,42,ಏರೊ ಎಂಕ್ಲೆನ ಉಂತೋಂದು ಇತ್ತಿನ ಕಾರ್ಗ್ ಆಕ್ದ್ ಪೋಯೆರ್.,Someone crashed into my parked vehicle and drove away,Torts/Individuals,,Torts/Individuals,Housing,Land/Property,0.90,True,True,False,Entry into one's home without permission
llama3,H,43,ಒಂಜಿ ಬೇಲೆದಾಯೆ ಎನ್ನ ಮಿತ್ತ್ ಸಾಮಾನ್ ಬೂಡ್ಪಾದ್ ಎಂಕ್ ತಾಗ್ಂಡ್.,A worker dropped something that injured me,Torts/Individuals,,Torts/Individuals,Land/Property,Housing,0.90,True,True,False,Property taken without permission
llama3,H,44,ಹಳ್ಳಿಡ್ ಯೇರಾ ಎನ್ನ ಬಾಗ್ಗೆ ಸುಳ್ಳು ಪಂಡ್ಡ್ ಎನ್ನ ಪುದರ್ನ್ ಹಾಳ್ ಮಲ್ತೆರ್.,Someone spread lies about me that damaged my reputation in the village,Torts/Individuals,,Torts/Individuals,Housing,Land/Property,0.85,True,True,False,Someone entered another person's property without permission and caused damage
llama3,H,45,ಎನ್ನ ನೆರೆಕರೆದ ಅಕ್ಲೆನ ಪೆತ್ತಲು ಎನ್ನ ಪೂರಾ ಬುಳೆನ್ ತಿಂದ್ಡ್ ಹಾಳ್ ಮಲ್ತ್ಂಡ್.,My neighbor's cattle keep destroying my crops,Torts/Individuals,Land/Property,Torts/Individuals,Land/Property,Housing,0.90,True,True,False,Property damage caused by another person's action
llama3,H,46,"ಎಂಕ್ ನ್ಯಾಯಾಲಯದ ಒಂಜಿ ಕಾಕಜಿ ಬೈದ್ಂಡ್, ಮಾತ್ರ ಐಟ್ ದಾದ ಪಣೊಂದುಲ್ಲೆರ್ ಪಂಡ್ಡ್ ಗೊತ್ತಿಜಿ.",I received a court notice but I don't understand what it is asking me to do,Courts/Legal-System,,Courts/Legal-System,Housing,Torts/Individuals,0.90,True,True,False,The situation involves a court case and frustration with the process.
llama3,H,47,"ಎಂಕ್ ನ್ಯಾಯಾಲಯಗ್ ಪೋಪಿನ ತಾರೀಖ್ ತತ್ಂಡ್, ದಾಯೆಗ್ ಪಂಡ ಎಂಕ್ ಏರೇಲಾ ಏಪ ಏ ಪೋಡು ಪಂಡ್ಡ್ ಪಂಡಿಜೆರ್.",I missed a court date because no one explained when I needed to appear,Courts/Legal-System,,Courts/Legal-System,Housing,Torts/Individuals,0.90,True,True,False,The person is confused about a court date and seems to be struggling with understanding a legal process or timeline.
llama3,H,48,ಎಂಕ್ ಎನ್ನ ಕೆಲ್ಸದ ಧನಿನ ಮಿತ್ತ್ ಎಂಚ ದೂರು ಕೊರೋಡು ಪಂಡ್ಡ್ ಗೊತ್ತಿಜಿ.,I don't know how to file a complaint against my employer,Courts/Legal-System,Work/Employment,Consumer/Money/Debt,Torts/Individuals,Housing,0.90,False,False,False,Someone owes money and is not paying it back
llama3,H,49,ಪೊಲೀಸ್-ದ ಅಕುಲು ಎನ್ನ ದೂರುನ್ ದೆತ್ತೊನೆರೆ ತಯಾರ್ ಇಜ್ಜೆರ್.,The police would not register my complaint,Courts/Legal-System,,Courts/Legal-System,Torts/Individuals,Housing,0.90,True,True,False,Police complaint not being taken seriously
llama3,H,50,"ಎಂಕ್ ಒಂಜಿ ವಕೀಲ್ ಬೋಡು ಪಂಡ್ಡ್ ಪಂಡೆರ್, ಮಾತ್ರ ಎಂಕ್ ವಕೀಲ್ನ್ ಎಂಚ ನಾಡೋಡು ಪಂಡ್ಡ್ ಗೊತ್ತಿಜಿ.",I was told I need a lawyer but I don't know how to find one,Courts/Legal-System,,Courts/Legal-System,Housing,Torts/Individuals,0.90,True,True,False,Seeking legal advice or representation
llama3,H,51,ಎಂಕ್ ಗೊತ್ತಿಜಂದೇ ಯೇರಾ ಎನ್ನ ಪುದರ್ಡ್ ಸಾಲ ದೆತ್ತೊನ್ಯೆರ್.,Someone opened a loan in my name without my knowledge,IP/Identity,Consumer/Money/Debt,Consumer/Money/Debt,Torts/Individuals,Housing,0.85,False,True,True,Financial issue where someone owes money
llama3,H,52,ಎನಡ ಕೇನಂದೇ ಯೇರಾ ಎನ್ನ ಫೋಟೋನ್ ಜಾಹೀರಾತುಡ್ ಉಪಯೋಗ ಮಲ್ತೊಂದುಲ್ಲೆರ್.,My photo is being used in an advertisement without my permission,IP/Identity,,IP/Identity,Torts/Individuals,Housing,0.90,True,True,False,Misuse of personal identity
llama3,H,53,ಯೇರಾ ಎನ್ನಲೆಕ ಆನ್‌ಲೈನ್-ಡ್ ನಟನೆ ಮಲ್ತ್ಡ್ ಎನ್ನ ಕುಟುಂಬದಕ್ಲೆನ್ ಡೋಂಗಿ ಮಲ್ತೊಂದುಲ್ಲೆರ್.,Someone is pretending to be me online to trick my relatives,IP/Identity,,Housing,Torts/Individuals,Estates/Wills,0.85,False,False,False,Family members' actions without permission suggest a domestic context
llama3,H,54,ವೊವಾ ಒಂಜಿ ಅಂಗಡಿ ಎನ್ನ ಕುಟುಂಬದ ಅಂಗಡಿದ ಪುದರನ್ ಉಪಯೋಗ ಮಲ್ತೊಂದುಂಡು,A shop is using my family's business name without asking,IP/Identity,,Land/Property,Torts/Individuals,Housing,0.90,False,False,False,Someone is using another person's family property without permission
llama3,H,55,ಎಂಕ್ಲೆನ ಕುಟುಂಬ ಮಲ್ತ್ಡ್ ಮಾರುನ ಸಾಮಾಂದ ಡಿಸೈನ್-ನ್ ಯೇರಾ ಕಂಡ್ದೆರ್.,Someone stole the design of the products my family makes and sells,IP/Identity,,Land/Property,Housing,Torts/Individuals,0.85,False,False,False,Dispute over ownership or control of land
llama3,H,56,ಎನ್ನ ಪೋಪ ಒಂಜಿ ವಿಲ್ ಬುಡಂದೇ ತೀರ್ ಪೋಯಿ ಬೊಕ್ಕ ಎನ್ನ ಮೆಗ್ಗೆ-ಪಲಯೆನಕುಲು ಎನನ್ ಬುಡ್ಡು ಆಸ್ತಿನ್ ಪೂರಾ ಪಟ್ಟೋಂದುಲ್ಲೆರ್.,My father died without a will and my siblings are dividing everything without me,Estates/Wills,,Land/Property,Torts/Individuals,Estates/Wills,0.90,False,True,True,Dispute over land ownership and possession
llama3,H,57,ಎನ್ನ ಅಮ್ಮನ ಬಂಗಾರ್ ಎಂಕ್ ಕೊರ್ಪೆರ್ ಪಂಡ್ ಪಂಡಿ ಬೊಕ್ಕ ಅಮ್ಮ ತೀರ್ ಪೋಯಿ ಬೊಕ್ಕ ಎನ್ನ ಪಲಯೆ ಅವೆನ್ ಪೂರಾ ದೆತ್ತೊನ್ಯೆ.,My mother's jewelry was promised to me but my brother took it after she died,Estates/Wills,,Estates/Wills,Land/Property,Housing,0.90,True,True,False,Inheritance dispute after grandmother's death
llama3,H,58,ಎನ್ನ ಪೋಪ ತೀರ್ ಪೋಯಿ ಬೊಕ್ಕ ಎನ್ನ ಒಪ್ಪಿಗೆ ಇಜ್ಜಂದೆ ಎನ್ನ ಪೋಪ-ಅಮ್ಮನ ಇಲ್ಲನ್ ಮಾರ್ಯೆರ್ ಪಂಡ್ಡ್ ಗೊತ್ತಾಂಡ್.,I found out my parents' house was sold after my father's death without our agreement,Estates/Wills,Land/Property,Estates/Wills,Land/Property,Housing,0.90,True,True,False,Inheritance dispute and property rights issue
llama3,H,59,"ಎನ್ನ ಮಾಮು, ಅಜ್ಜೆರ್-ನ ಜಾಗನ್ ಪಟ್ಟೆರೆ ಕೇನೋಂದಿಜ್ಜೆರ್.",My uncle is refusing to share the property left by my grandfather,Estates/Wills,Land/Property,Land/Property,Housing,Torts/Individuals,0.90,False,True,True,The situation involves someone else's land and a dispute.
llama3,H,60,ಎನ್ನ ಕಂಡನಿ ತೀರ್ ಪೋಯಿ ಬೊಕ್ಕ ಎನ್ನ ಕಂಡನಿನ ಕುಟುಂಬದಕುಲು ಎನನ್ ಎಂಕ್ಲೆನ ಇಲ್ಲಡ್ ಕುಲ್ಯೆರೆ ಬುಡೋಂದಿಜ್ಜೆರ್.,After my husband passed away his family is not letting me stay in our house,Estates/Wills,Housing,Housing,Torts/Individuals,Land/Property,0.95,False,True,True,Trespassing in someone's home
llama3,G,41,enkulu nadetonduittinapaga enna baritaklena nayi enna balen cuccind.,My neighbor's dog bit my child while we were walking,Torts/Individuals,,Torts/Individuals,Housing,Land/Property,0.90,True,True,False,Someone entering your home without permission
llama3,G,42,ero enklena untondu ittina karg akd poyer.,Someone crashed into my parked vehicle and drove away,Torts/Individuals,,Housing,Torts/Individuals,Courts/Legal-System,0.90,False,True,True,Unauthorized entry into the person's home
llama3,G,43,onji beledaye enna mitt saman budpad enk tagnd.,A worker dropped something that injured me,Torts/Individuals,,Housing,Torts/Individuals,Courts/Legal-System,0.90,False,True,True,Unauthorized entry into a home
llama3,G,44,hallid yera enna bagge sullu pandd enna pudarn hal malter.,Someone spread lies about me that damaged my reputation in the village,Torts/Individuals,,Torts/Individuals,Housing,Land/Property,0.85,True,True,False,Unauthorized entry into someone's home
llama3,G,45,enna nerekareda aklena pettalu enna pura bulen tindd hal maltnd.,My neighbor's cattle keep destroying my crops,Torts/Individuals,Land/Property,Housing,Torts/Individuals,Courts/Legal-System,0.85,False,True,True,Unauthorized entry into the person's home
llama3,G,46,"enk nyayalayada onji kakaji baidnd, matra ait dada panonduller pandd gottiji.",I received a court notice but I don't understand what it is asking me to do,Courts/Legal-System,,Housing,Torts/Individuals,Courts/Legal-System,0.95,False,True,True,Unauthorized entry into the person's home
llama3,G,47,"enk nyayalayag popina tarikh tatnd, dayeg panda enk erela epa e podu pandd pandijer.",I missed a court date because no one explained when I needed to appear,Courts/Legal-System,,Torts/Individuals,Housing,Land/Property,0.85,False,False,False,Someone entering your home without permission
llama3,G,48,enk enna kelsada dhanina mitt enca duru korodu pandd gottiji.,I don't know how to file a complaint against my employer,Courts/Legal-System,Work/Employment,Housing,Torts/Individuals,Courts/Legal-System,0.90,False,True,True,Unauthorized entry into the person's home
llama3,G,49,polis-da akulu enna durun dettonere tayar ijjer.,The police would not register my complaint,Courts/Legal-System,,Housing,Torts/Individuals,Courts/Legal-System,0.90,False,True,True,Unauthorized entry into a dwelling
llama3,G,50,"enk onji vakil bodu pandd pander, matra enk vakiln enca nadodu pandd gottiji.",I was told I need a lawyer but I don't know how to find one,Courts/Legal-System,,Housing,Torts/Individuals,Land/Property,0.95,False,False,False,Unauthorized entry into the person's home
llama3,G,51,enk gottijande yera enna pudard sala dettonyer.,Someone opened a loan in my name without my knowledge,IP/Identity,Consumer/Money/Debt,Housing,Torts/Individuals,Courts/Legal-System,0.90,False,False,False,Unauthorized entry into a dwelling
llama3,G,52,enada kenande yera enna photon jahiratud upayoga maltonduller.,My photo is being used in an advertisement without my permission,IP/Identity,,Courts/Legal-System,Torts/Individuals,Housing,0.40,False,False,False,"Although I couldn't understand the situation, it's possible that the person is seeking legal guidance or has a question about how to proceed."
llama3,G,53,yera ennaleka anlain-d natane maltd enna kutunbadaklen dongi maltonduller.,Someone is pretending to be me online to trick my relatives,IP/Identity,,Housing,Torts/Individuals,Land/Property,0.95,False,False,False,Unauthorized entry into the person's home
llama3,G,54,vova onji angadi enna kutunbada angadida pudaran upayoga maltondundu,A shop is using my family's business name without asking,IP/Identity,,Torts/Individuals,Land/Property,Housing,0.90,False,False,False,Property damage caused by another person's action
llama3,G,55,enklena kutunba maltd maruna samanda disain-n yera kandder.,Someone stole the design of the products my family makes and sells,IP/Identity,,Housing,Torts/Individuals,Courts/Legal-System,0.90,False,False,False,Unauthorized entry into a dwelling
llama3,G,56,enna popa onji vil budande tir poyi bokka enna megge-palayenakulu enan buddu astin pura pattonduller.,My father died without a will and my siblings are dividing everything without me,Estates/Wills,,Torts/Individuals,Housing,Land/Property,0.90,False,False,False,Someone entered the person's home without permission and is refusing to leave.
llama3,G,57,enna ammana bangar enk korper pand pandi bokka amma tir poyi bokka enna palaye aven pura dettonye.,My mother's jewelry was promised to me but my brother took it after she died,Estates/Wills,,Housing,Torts/Individuals,Land/Property,0.95,False,False,False,Unauthorized entry into someone's home
llama3,G,58,enna popa tir poyi bokka enna oppige ijjande enna popa-ammana illan maryer pandd gottand.,I found out my parents' house was sold after my father's death without our agreement,Estates/Wills,Land/Property,Housing,Torts/Individuals,Land/Property,0.95,False,True,True,Unauthorized entry into the person's home
llama3,G,59,"enna mamu, ajjer-na jagan pattere kenondijjer.",My uncle is refusing to share the property left by my grandfather,Estates/Wills,Land/Property,Housing,Torts/Individuals,Courts/Legal-System,0.90,False,False,False,Unauthorized entry into a dwelling
llama3,G,60,enna kandani tir poyi bokka enna kandanina kutunbadakulu enan enklena illad kulyere budondijjer.,After my husband passed away his family is not letting me stay in our house,Estates/Wills,Housing,Torts/Individuals,Housing,Land/Property,0.85,False,True,True,Unauthorized entry into someone's home
llama3,F,41,ಎಂಕುಲು ನಡೆತೊಂದುಿತ್ತಿನಪಗ ಎನ್ನ ಬರಿತ್ಅಕ್ಲೆನ ನಾಯಿ ಎನ್ನ ಬಾಲೆನ್ ಚೂಚ್ಚಿಂಡ್.,My neighbor's dog bit my child while we were walking,Torts/Individuals,,Estates/Wills,Housing,Torts/Individuals,0.90,False,True,True,"The situation involves eviction and family members, which suggests an issue related to property or inheritance."
llama3,F,42,ಏರೊ ಎಂಕ್ಲೆನ ಉಂತೋಂದು ಇತ್ತಿನ ಕಾರ್ಗ್ ಆಕ್ದ್ ಪೋಯೆರ್.,Someone crashed into my parked vehicle and drove away,Torts/Individuals,,Torts/Individuals,Consumer/Money/Debt,Courts/Legal-System,0.90,True,True,False,The person is describing a road accident and trying to explain how it happened.
llama3,F,43,ಒಂಜಿ ಬೇಲೆದಾಯೆ ಎನ್ನ ಮಿತ್ತ್ ಸಾಮಾನ್ ಬೂಡ್ಪಾದ್ ಎಂಕ್ ತಾಗ್ಂಡ್.,A worker dropped something that injured me,Torts/Individuals,,Torts/Individuals,Housing,Consumer/Money/Debt,0.90,True,True,False,"The person is being forced to leave their home without consent, which suggests a violation of their personal rights and freedoms."
llama3,F,44,ಹಳ್ಳಿಡ್ ಯೇರಾ ಎನ್ನ ಬಾಗ್ಗೆ ಸುಳ್ಳು ಪಂಡ್ಡ್ ಎನ್ನ ಪುದರ್ನ್ ಹಾಳ್ ಮಲ್ತೆರ್.,Someone spread lies about me that damaged my reputation in the village,Torts/Individuals,,Torts/Individuals,Courts/Legal-System,IP/Identity,0.90,True,True,False,"The person is seeking justice or compensation for damage to their property, which falls under the realm of tort law."
llama3,F,45,ಎನ್ನ ನೆರೆಕರೆದ ಅಕ್ಲೆನ ಪೆತ್ತಲು ಎನ್ನ ಪೂರಾ ಬುಳೆನ್ ತಿಂದ್ಡ್ ಹಾಳ್ ಮಲ್ತ್ಂಡ್.,My neighbor's cattle keep destroying my crops,Torts/Individuals,Land/Property,Land/Property,Torts/Individuals,Housing,0.90,False,True,True,"The situation involves a person's property being taken away, which falls under the category of Land/Property."
llama3,F,46,"ಎಂಕ್ ನ್ಯಾಯಾಲಯದ ಒಂಜಿ ಕಾಕಜಿ ಬೈದ್ಂಡ್, ಮಾತ್ರ ಐಟ್ ದಾದ ಪಣೊಂದುಲ್ಲೆರ್ ಪಂಡ್ಡ್ ಗೊತ್ತಿಜಿ.",I received a court notice but I don't understand what it is asking me to do,Courts/Legal-System,,Courts/Legal-System,Torts/Individuals,Housing,0.90,True,True,False,The person is dealing with legal issues regarding their father's property and inheritance.
llama3,F,47,"ಎಂಕ್ ನ್ಯಾಯಾಲಯಗ್ ಪೋಪಿನ ತಾರೀಖ್ ತತ್ಂಡ್, ದಾಯೆಗ್ ಪಂಡ ಎಂಕ್ ಏರೇಲಾ ಏಪ ಏ ಪೋಡು ಪಂಡ್ಡ್ ಪಂಡಿಜೆರ್.",I missed a court date because no one explained when I needed to appear,Courts/Legal-System,,Torts/Individuals,Courts/Legal-System,Work/Employment,0.90,False,True,True,The person is seeking justice or compensation for some kind of harm or wrongdoing that has occurred.
llama3,F,48,ಎಂಕ್ ಎನ್ನ ಕೆಲ್ಸದ ಧನಿನ ಮಿತ್ತ್ ಎಂಚ ದೂರು ಕೊರೋಡು ಪಂಡ್ಡ್ ಗೊತ್ತಿಜಿ.,I don't know how to file a complaint against my employer,Courts/Legal-System,Work/Employment,Consumer/Money/Debt,Torts/Individuals,Courts/Legal-System,0.90,False,True,True,The situation involves a debt that needs to be recovered.
llama3,F,49,ಪೊಲೀಸ್-ದ ಅಕುಲು ಎನ್ನ ದೂರುನ್ ದೆತ್ತೊನೆರೆ ತಯಾರ್ ಇಜ್ಜೆರ್.,The police would not register my complaint,Courts/Legal-System,,Torts/Individuals,Courts/Legal-System,Housing,0.90,False,True,True,"The situation involves harm or injury caused by another individual's actions, and the police are not taking adequate action to resolve the issue."
llama3,F,50,"ಎಂಕ್ ಒಂಜಿ ವಕೀಲ್ ಬೋಡು ಪಂಡ್ಡ್ ಪಂಡೆರ್, ಮಾತ್ರ ಎಂಕ್ ವಕೀಲ್ನ್ ಎಂಚ ನಾಡೋಡು ಪಂಡ್ಡ್ ಗೊತ್ತಿಜಿ.",I was told I need a lawyer but I don't know how to find one,Courts/Legal-System,,Land/Property,Torts/Individuals,Housing,0.90,False,False,False,"The situation involves property rights and marriage, making Land/Property the most likely category."
llama3,F,51,ಎಂಕ್ ಗೊತ್ತಿಜಂದೇ ಯೇರಾ ಎನ್ನ ಪುದರ್ಡ್ ಸಾಲ ದೆತ್ತೊನ್ಯೆರ್.,Someone opened a loan in my name without my knowledge,IP/Identity,Consumer/Money/Debt,Consumer/Money/Debt,Housing,Torts/Individuals,0.90,False,True,True,The situation revolves around debt and financial struggles.
llama3,F,52,ಎನಡ ಕೇನಂದೇ ಯೇರಾ ಎನ್ನ ಫೋಟೋನ್ ಜಾಹೀರಾತುಡ್ ಉಪಯೋಗ ಮಲ್ತೊಂದುಲ್ಲೆರ್.,My photo is being used in an advertisement without my permission,IP/Identity,,Torts/Individuals,IP/Identity,Consumer/Money/Debt,0.90,False,True,True,The situation involves an individual's rights being potentially violated.
llama3,F,53,ಯೇರಾ ಎನ್ನಲೆಕ ಆನ್‌ಲೈನ್-ಡ್ ನಟನೆ ಮಲ್ತ್ಡ್ ಎನ್ನ ಕುಟುಂಬದಕ್ಲೆನ್ ಡೋಂಗಿ ಮಲ್ತೊಂದುಲ್ಲೆರ್.,Someone is pretending to be me online to trick my relatives,IP/Identity,,Estates/Wills,Land/Property,Torts/Individuals,0.90,False,False,False,"The situation involves a deceased parent's estate, property rights, and inheritance disputes among family members."
llama3,F,54,ವೊವಾ ಒಂಜಿ ಅಂಗಡಿ ಎನ್ನ ಕುಟುಂಬದ ಅಂಗಡಿದ ಪುದರನ್ ಉಪಯೋಗ ಮಲ್ತೊಂದುಂಡು,A shop is using my family's business name without asking,IP/Identity,,Land/Property,Torts/Individuals,Work/Employment,0.90,False,False,False,"The situation involves a family property dispute, suggesting a conflict over ownership or control of a physical asset."
llama3,F,55,ಎಂಕ್ಲೆನ ಕುಟುಂಬ ಮಲ್ತ್ಡ್ ಮಾರುನ ಸಾಮಾಂದ ಡಿಸೈನ್-ನ್ ಯೇರಾ ಕಂಡ್ದೆರ್.,Someone stole the design of the products my family makes and sells,IP/Identity,,Land/Property,Torts/Individuals,Housing,0.90,False,False,False,"The SITUATION mentions 'family' and 'property', suggesting a dispute or issue related to family land/property."
llama3,F,56,ಎನ್ನ ಪೋಪ ಒಂಜಿ ವಿಲ್ ಬುಡಂದೇ ತೀರ್ ಪೋಯಿ ಬೊಕ್ಕ ಎನ್ನ ಮೆಗ್ಗೆ-ಪಲಯೆನಕುಲು ಎನನ್ ಬುಡ್ಡು ಆಸ್ತಿನ್ ಪೂರಾ ಪಟ್ಟೋಂದುಲ್ಲೆರ್.,My father died without a will and my siblings are dividing everything without me,Estates/Wills,,Estates/Wills,Land/Property,Housing,0.90,True,True,False,"The situation involves claims over an ancestral property, which falls under the category of estates and wills."
llama3,F,57,ಎನ್ನ ಅಮ್ಮನ ಬಂಗಾರ್ ಎಂಕ್ ಕೊರ್ಪೆರ್ ಪಂಡ್ ಪಂಡಿ ಬೊಕ್ಕ ಅಮ್ಮ ತೀರ್ ಪೋಯಿ ಬೊಕ್ಕ ಎನ್ನ ಪಲಯೆ ಅವೆನ್ ಪೂರಾ ದೆತ್ತೊನ್ಯೆ.,My mother's jewelry was promised to me but my brother took it after she died,Estates/Wills,,Torts/Individuals,Courts/Legal-System,Work/Employment,0.90,False,False,False,"The situation involves a family dispute over an inheritance, which falls under the broader category of torts or individual rights."
llama3,F,58,ಎನ್ನ ಪೋಪ ತೀರ್ ಪೋಯಿ ಬೊಕ್ಕ ಎನ್ನ ಒಪ್ಪಿಗೆ ಇಜ್ಜಂದೆ ಎನ್ನ ಪೋಪ-ಅಮ್ಮನ ಇಲ್ಲನ್ ಮಾರ್ಯೆರ್ ಪಂಡ್ಡ್ ಗೊತ್ತಾಂಡ್.,I found out my parents' house was sold after my father's death without our agreement,Estates/Wills,Land/Property,Land/Property,Torts/Individuals,Housing,0.90,False,True,True,The situation involves disputes over property rights and inheritance.
llama3,F,59,"ಎನ್ನ ಮಾಮು, ಅಜ್ಜೆರ್-ನ ಜಾಗನ್ ಪಟ್ಟೆರೆ ಕೇನೋಂದಿಜ್ಜೆರ್.",My uncle is refusing to share the property left by my grandfather,Estates/Wills,Land/Property,Estates/Wills,Land/Property,Torts/Individuals,0.90,True,True,False,"The situation involves a dispute over inheritance and property rights, which is typical of estates and wills issues."
llama3,F,60,ಎನ್ನ ಕಂಡನಿ ತೀರ್ ಪೋಯಿ ಬೊಕ್ಕ ಎನ್ನ ಕಂಡನಿನ ಕುಟುಂಬದಕುಲು ಎನನ್ ಎಂಕ್ಲೆನ ಇಲ್ಲಡ್ ಕುಲ್ಯೆರೆ ಬುಡೋಂದಿಜ್ಜೆರ್.,After my husband passed away his family is not letting me stay in our house,Estates/Wills,Housing,Courts/Legal-System,Torts/Individuals,IP/Identity,0.90,False,False,False,The situation involves a family dispute that may require legal intervention or resolution.
llama3,E_full,41,ಎಂಕುಲು ನಡೆತೊಂದುಿತ್ತಿನಪಗ ಎನ್ನ ಬರಿತ್ಅಕ್ಲೆನ ನಾಯಿ ಎನ್ನ ಬಾಲೆನ್ ಚೂಚ್ಚಿಂಡ್.,My neighbor's dog bit my child while we were walking,Torts/Individuals,,Torts/Individuals,Housing,IP/Identity,0.90,True,True,False,Personal injury caused by another individual's action
llama3,E_full,42,ಏರೊ ಎಂಕ್ಲೆನ ಉಂತೋಂದು ಇತ್ತಿನ ಕಾರ್ಗ್ ಆಕ್ದ್ ಪೋಯೆರ್.,Someone crashed into my parked vehicle and drove away,Torts/Individuals,,Torts/Individuals,Land/Property,Housing,0.90,True,True,False,Property damage or personal injury caused by another individual
llama3,E_full,43,ಒಂಜಿ ಬೇಲೆದಾಯೆ ಎನ್ನ ಮಿತ್ತ್ ಸಾಮಾನ್ ಬೂಡ್ಪಾದ್ ಎಂಕ್ ತಾಗ್ಂಡ್.,A worker dropped something that injured me,Torts/Individuals,,Torts/Individuals,Housing,Consumer/Money/Debt,0.90,True,True,False,Personal property taken without permission
llama3,E_full,44,ಹಳ್ಳಿಡ್ ಯೇರಾ ಎನ್ನ ಬಾಗ್ಗೆ ಸುಳ್ಳು ಪಂಡ್ಡ್ ಎನ್ನ ಪುದರ್ನ್ ಹಾಳ್ ಮಲ್ತೆರ್.,Someone spread lies about me that damaged my reputation in the village,Torts/Individuals,,Torts/Individuals,Housing,Land/Property,0.90,True,True,False,Physical harm/damage caused by another person to the person's property
llama3,E_full,45,ಎನ್ನ ನೆರೆಕರೆದ ಅಕ್ಲೆನ ಪೆತ್ತಲು ಎನ್ನ ಪೂರಾ ಬುಳೆನ್ ತಿಂದ್ಡ್ ಹಾಳ್ ಮಲ್ತ್ಂಡ್.,My neighbor's cattle keep destroying my crops,Torts/Individuals,Land/Property,Torts/Individuals,Land/Property,Housing,0.90,True,True,False,Property damage caused by another person's action
llama3,E_full,46,"ಎಂಕ್ ನ್ಯಾಯಾಲಯದ ಒಂಜಿ ಕಾಕಜಿ ಬೈದ್ಂಡ್, ಮಾತ್ರ ಐಟ್ ದಾದ ಪಣೊಂದುಲ್ಲೆರ್ ಪಂಡ್ಡ್ ಗೊತ್ತಿಜಿ.",I received a court notice but I don't understand what it is asking me to do,Courts/Legal-System,,Courts/Legal-System,Torts/Individuals,IP/Identity,0.90,True,True,False,Trouble understanding a document they signed
llama3,E_full,47,"ಎಂಕ್ ನ್ಯಾಯಾಲಯಗ್ ಪೋಪಿನ ತಾರೀಖ್ ತತ್ಂಡ್, ದಾಯೆಗ್ ಪಂಡ ಎಂಕ್ ಏರೇಲಾ ಏಪ ಏ ಪೋಡು ಪಂಡ್ಡ್ ಪಂಡಿಜೆರ್.",I missed a court date because no one explained when I needed to appear,Courts/Legal-System,,Courts/Legal-System,Housing,Torts/Individuals,0.90,True,True,False,The person is trying to go to a court with some kind of issue or dispute.
llama3,E_full,48,ಎಂಕ್ ಎನ್ನ ಕೆಲ್ಸದ ಧನಿನ ಮಿತ್ತ್ ಎಂಚ ದೂರು ಕೊರೋಡು ಪಂಡ್ಡ್ ಗೊತ್ತಿಜಿ.,I don't know how to file a complaint against my employer,Courts/Legal-System,Work/Employment,Consumer/Money/Debt,Work/Employment,Housing,0.90,False,True,True,Employer owes money to the person
llama3,E_full,49,ಪೊಲೀಸ್-ದ ಅಕುಲು ಎನ್ನ ದೂರುನ್ ದೆತ್ತೊನೆರೆ ತಯಾರ್ ಇಜ್ಜೆರ್.,The police would not register my complaint,Courts/Legal-System,,Courts/Legal-System,Torts/Individuals,Housing,0.90,True,True,False,The person has taken a complaint to the police and is seeking some kind of legal or official action.
llama3,E_full,50,"ಎಂಕ್ ಒಂಜಿ ವಕೀಲ್ ಬೋಡು ಪಂಡ್ಡ್ ಪಂಡೆರ್, ಮಾತ್ರ ಎಂಕ್ ವಕೀಲ್ನ್ ಎಂಚ ನಾಡೋಡು ಪಂಡ್ಡ್ ಗೊತ್ತಿಜಿ.",I was told I need a lawyer but I don't know how to find one,Courts/Legal-System,,Work/Employment,Housing,Torts/Individuals,0.85,False,False,False,Seeking legal advice for a personal or professional matter
llama3,E_full,51,ಎಂಕ್ ಗೊತ್ತಿಜಂದೇ ಯೇರಾ ಎನ್ನ ಪುದರ್ಡ್ ಸಾಲ ದೆತ್ತೊನ್ಯೆರ್.,Someone opened a loan in my name without my knowledge,IP/Identity,Consumer/Money/Debt,IP/Identity,Consumer/Money/Debt,Torts/Individuals,0.90,True,True,False,Misuse of personal name for loan/debt
llama3,E_full,52,ಎನಡ ಕೇನಂದೇ ಯೇರಾ ಎನ್ನ ಫೋಟೋನ್ ಜಾಹೀರಾತುಡ್ ಉಪಯೋಗ ಮಲ್ತೊಂದುಲ್ಲೆರ್.,My photo is being used in an advertisement without my permission,IP/Identity,,IP/Identity,Torts/Individuals,Consumer/Money/Debt,0.90,True,True,False,Misuse of personal identity (photo) without permission
llama3,E_full,53,ಯೇರಾ ಎನ್ನಲೆಕ ಆನ್‌ಲೈನ್-ಡ್ ನಟನೆ ಮಲ್ತ್ಡ್ ಎನ್ನ ಕುಟುಂಬದಕ್ಲೆನ್ ಡೋಂಗಿ ಮಲ್ತೊಂದುಲ್ಲೆರ್.,Someone is pretending to be me online to trick my relatives,IP/Identity,,Estates/Wills,Torts/Individuals,Land/Property,0.85,False,False,False,Family members doing something to someone's property or assets without permission
llama3,E_full,54,ವೊವಾ ಒಂಜಿ ಅಂಗಡಿ ಎನ್ನ ಕುಟುಂಬದ ಅಂಗಡಿದ ಪುದರನ್ ಉಪಯೋಗ ಮಲ್ತೊಂದುಂಡು,A shop is using my family's business name without asking,IP/Identity,,IP/Identity,Torts/Individuals,Housing,0.90,True,True,False,Property name used without permission
llama3,E_full,55,ಎಂಕ್ಲೆನ ಕುಟುಂಬ ಮಲ್ತ್ಡ್ ಮಾರುನ ಸಾಮಾಂದ ಡಿಸೈನ್-ನ್ ಯೇರಾ ಕಂಡ್ದೆರ್.,Someone stole the design of the products my family makes and sells,IP/Identity,,Land/Property,Housing,Torts/Individuals,0.90,False,False,False,The situation involves a family's property design and someone else did the work.
llama3,E_full,56,ಎನ್ನ ಪೋಪ ಒಂಜಿ ವಿಲ್ ಬುಡಂದೇ ತೀರ್ ಪೋಯಿ ಬೊಕ್ಕ ಎನ್ನ ಮೆಗ್ಗೆ-ಪಲಯೆನಕುಲು ಎನನ್ ಬುಡ್ಡು ಆಸ್ತಿನ್ ಪೂರಾ ಪಟ್ಟೋಂದುಲ್ಲೆರ್.,My father died without a will and my siblings are dividing everything without me,Estates/Wills,,Housing,Torts/Individuals,Consumer/Money/Debt,0.90,False,False,False,Landlord-tenant or housing-related problem
llama3,E_full,57,ಎನ್ನ ಅಮ್ಮನ ಬಂಗಾರ್ ಎಂಕ್ ಕೊರ್ಪೆರ್ ಪಂಡ್ ಪಂಡಿ ಬೊಕ್ಕ ಅಮ್ಮ ತೀರ್ ಪೋಯಿ ಬೊಕ್ಕ ಎನ್ನ ಪಲಯೆ ಅವೆನ್ ಪೂರಾ ದೆತ್ತೊನ್ಯೆ.,My mother's jewelry was promised to me but my brother took it after she died,Estates/Wills,,Estates/Wills,Housing,Land/Property,0.90,True,True,False,"The situation involves a family member passing away and inheritance disputes, which fits the Estates/Wills category."
llama3,E_full,58,ಎನ್ನ ಪೋಪ ತೀರ್ ಪೋಯಿ ಬೊಕ್ಕ ಎನ್ನ ಒಪ್ಪಿಗೆ ಇಜ್ಜಂದೆ ಎನ್ನ ಪೋಪ-ಅಮ್ಮನ ಇಲ್ಲನ್ ಮಾರ್ಯೆರ್ ಪಂಡ್ಡ್ ಗೊತ್ತಾಂಡ್.,I found out my parents' house was sold after my father's death without our agreement,Estates/Wills,Land/Property,Housing,Land/Property,Torts/Individuals,0.90,False,True,True,Property rights violation
llama3,E_full,59,"ಎನ್ನ ಮಾಮು, ಅಜ್ಜೆರ್-ನ ಜಾಗನ್ ಪಟ್ಟೆರೆ ಕೇನೋಂದಿಜ್ಜೆರ್.",My uncle is refusing to share the property left by my grandfather,Estates/Wills,Land/Property,Land/Property,Torts/Individuals,Housing,0.90,False,True,True,The problem revolves around a person's land being encroached upon or taken over by someone else.
llama3,E_full,60,ಎನ್ನ ಕಂಡನಿ ತೀರ್ ಪೋಯಿ ಬೊಕ್ಕ ಎನ್ನ ಕಂಡನಿನ ಕುಟುಂಬದಕುಲು ಎನನ್ ಎಂಕ್ಲೆನ ಇಲ್ಲಡ್ ಕುಲ್ಯೆರೆ ಬುಡೋಂದಿಜ್ಜೆರ್.,After my husband passed away his family is not letting me stay in our house,Estates/Wills,Housing,Land/Property,Housing,Torts/Individuals,0.90,False,True,True,Family took over the person's house without permission
llama3,E_sparse,41,ಎಂಕುಲು ನಡೆತೊಂದುಿತ್ತಿನಪಗ ಎನ್ನ ಬರಿತ್ಅಕ್ಲೆನ ನಾಯಿ ಎನ್ನ ಬಾಲೆನ್ ಚೂಚ್ಚಿಂಡ್.,My neighbor's dog bit my child while we were walking,Torts/Individuals,,Torts/Individuals,Housing,Consumer/Money/Debt,0.90,True,True,False,Personal harm or damage caused by another individual
llama3,E_sparse,42,ಏರೊ ಎಂಕ್ಲೆನ ಉಂತೋಂದು ಇತ್ತಿನ ಕಾರ್ಗ್ ಆಕ್ದ್ ಪೋಯೆರ್.,Someone crashed into my parked vehicle and drove away,Torts/Individuals,,Torts/Individuals,Land/Property,Housing,0.90,True,True,False,Property damage or personal injury caused by another individual
llama3,E_sparse,43,ಒಂಜಿ ಬೇಲೆದಾಯೆ ಎನ್ನ ಮಿತ್ತ್ ಸಾಮಾನ್ ಬೂಡ್ಪಾದ್ ಎಂಕ್ ತಾಗ್ಂಡ್.,A worker dropped something that injured me,Torts/Individuals,,Torts/Individuals,Housing,Land/Property,0.90,True,True,False,Property damage caused by another person's action
llama3,E_sparse,44,ಹಳ್ಳಿಡ್ ಯೇರಾ ಎನ್ನ ಬಾಗ್ಗೆ ಸುಳ್ಳು ಪಂಡ್ಡ್ ಎನ್ನ ಪುದರ್ನ್ ಹಾಳ್ ಮಲ್ತೆರ್.,Someone spread lies about me that damaged my reputation in the village,Torts/Individuals,,Torts/Individuals,Housing,Land/Property,0.90,True,True,False,Someone caused physical harm or damage to the person's property without permission
llama3,E_sparse,45,ಎನ್ನ ನೆರೆಕರೆದ ಅಕ್ಲೆನ ಪೆತ್ತಲು ಎನ್ನ ಪೂರಾ ಬುಳೆನ್ ತಿಂದ್ಡ್ ಹಾಳ್ ಮಲ್ತ್ಂಡ್.,My neighbor's cattle keep destroying my crops,Torts/Individuals,Land/Property,Torts/Individuals,Land/Property,Housing,0.90,True,True,False,Property damage caused by another person's action
llama3,E_sparse,46,"ಎಂಕ್ ನ್ಯಾಯಾಲಯದ ಒಂಜಿ ಕಾಕಜಿ ಬೈದ್ಂಡ್, ಮಾತ್ರ ಐಟ್ ದಾದ ಪಣೊಂದುಲ್ಲೆರ್ ಪಂಡ್ಡ್ ಗೊತ್ತಿಜಿ.",I received a court notice but I don't understand what it is asking me to do,Courts/Legal-System,,Courts/Legal-System,Housing,Torts/Individuals,0.90,True,True,False,The situation involves a court case and the person is trying to understand something.
llama3,E_sparse,47,"ಎಂಕ್ ನ್ಯಾಯಾಲಯಗ್ ಪೋಪಿನ ತಾರೀಖ್ ತತ್ಂಡ್, ದಾಯೆಗ್ ಪಂಡ ಎಂಕ್ ಏರೇಲಾ ಏಪ ಏ ಪೋಡು ಪಂಡ್ಡ್ ಪಂಡಿಜೆರ್.",I missed a court date because no one explained when I needed to appear,Courts/Legal-System,,Courts/Legal-System,Torts/Individuals,Housing,0.90,True,True,False,"The situation involves going to a court and mentions dates, suggesting a dispute or issue that needs to be resolved through the legal process."
llama3,E_sparse,48,ಎಂಕ್ ಎನ್ನ ಕೆಲ್ಸದ ಧನಿನ ಮಿತ್ತ್ ಎಂಚ ದೂರು ಕೊರೋಡು ಪಂಡ್ಡ್ ಗೊತ್ತಿಜಿ.,I don't know how to file a complaint against my employer,Courts/Legal-System,Work/Employment,Consumer/Money/Debt,Torts/Individuals,Housing,0.90,False,False,False,Financial issue with someone owing money
llama3,E_sparse,49,ಪೊಲೀಸ್-ದ ಅಕುಲು ಎನ್ನ ದೂರುನ್ ದೆತ್ತೊನೆರೆ ತಯಾರ್ ಇಜ್ಜೆರ್.,The police would not register my complaint,Courts/Legal-System,,Courts/Legal-System,Housing,Torts/Individuals,0.80,True,True,False,Police involvement and unclear actions suggest a legal issue or dispute
llama3,E_sparse,50,"ಎಂಕ್ ಒಂಜಿ ವಕೀಲ್ ಬೋಡು ಪಂಡ್ಡ್ ಪಂಡೆರ್, ಮಾತ್ರ ಎಂಕ್ ವಕೀಲ್ನ್ ಎಂಚ ನಾಡೋಡು ಪಂಡ್ಡ್ ಗೊತ್ತಿಜಿ.",I was told I need a lawyer but I don't know how to find one,Courts/Legal-System,,Courts/Legal-System,Torts/Individuals,Housing,0.90,True,True,False,"The situation involves a dispute that requires legal intervention, which is the primary characteristic of this category."
llama3,E_sparse,51,ಎಂಕ್ ಗೊತ್ತಿಜಂದೇ ಯೇರಾ ಎನ್ನ ಪುದರ್ಡ್ ಸಾಲ ದೆತ್ತೊನ್ಯೆರ್.,Someone opened a loan in my name without my knowledge,IP/Identity,Consumer/Money/Debt,IP/Identity,Torts/Individuals,Housing,0.90,True,True,False,The issue appears to be related to someone using the person's name or identity without permission.
llama3,E_sparse,52,ಎನಡ ಕೇನಂದೇ ಯೇರಾ ಎನ್ನ ಫೋಟೋನ್ ಜಾಹೀರಾತುಡ್ ಉಪಯೋಗ ಮಲ್ತೊಂದುಲ್ಲೆರ್.,My photo is being used in an advertisement without my permission,IP/Identity,,IP/Identity,Torts/Individuals,Housing,0.90,True,True,False,The situation involves someone using the person's photo without permission.
llama3,E_sparse,53,ಯೇರಾ ಎನ್ನಲೆಕ ಆನ್‌ಲೈನ್-ಡ್ ನಟನೆ ಮಲ್ತ್ಡ್ ಎನ್ನ ಕುಟುಂಬದಕ್ಲೆನ್ ಡೋಂಗಿ ಮಲ್ತೊಂದುಲ್ಲೆರ್.,Someone is pretending to be me online to trick my relatives,IP/Identity,,IP/Identity,Torts/Individuals,Housing,0.90,True,True,False,Family members doing something with their online presence without permission
llama3,E_sparse,54,ವೊವಾ ಒಂಜಿ ಅಂಗಡಿ ಎನ್ನ ಕುಟುಂಬದ ಅಂಗಡಿದ ಪುದರನ್ ಉಪಯೋಗ ಮಲ್ತೊಂದುಂಡು,A shop is using my family's business name without asking,IP/Identity,,Housing,Land/Property,Torts/Individuals,0.90,False,False,False,Unauthorized use of household goods by someone else
llama3,E_sparse,55,ಎಂಕ್ಲೆನ ಕುಟುಂಬ ಮಲ್ತ್ಡ್ ಮಾರುನ ಸಾಮಾಂದ ಡಿಸೈನ್-ನ್ ಯೇರಾ ಕಂಡ್ದೆರ್.,Someone stole the design of the products my family makes and sells,IP/Identity,,Housing,Land/Property,Consumer/Money/Debt,0.85,False,False,False,Family design related to a dwelling
llama3,E_sparse,56,ಎನ್ನ ಪೋಪ ಒಂಜಿ ವಿಲ್ ಬುಡಂದೇ ತೀರ್ ಪೋಯಿ ಬೊಕ್ಕ ಎನ್ನ ಮೆಗ್ಗೆ-ಪಲಯೆನಕುಲು ಎನನ್ ಬುಡ್ಡು ಆಸ್ತಿನ್ ಪೂರಾ ಪಟ್ಟೋಂದುಲ್ಲೆರ್.,My father died without a will and my siblings are dividing everything without me,Estates/Wills,,Land/Property,Torts/Individuals,Housing,0.85,False,False,False,Property dispute after leaving
llama3,E_sparse,57,ಎನ್ನ ಅಮ್ಮನ ಬಂಗಾರ್ ಎಂಕ್ ಕೊರ್ಪೆರ್ ಪಂಡ್ ಪಂಡಿ ಬೊಕ್ಕ ಅಮ್ಮ ತೀರ್ ಪೋಯಿ ಬೊಕ್ಕ ಎನ್ನ ಪಲಯೆ ಅವೆನ್ ಪೂರಾ ದೆತ್ತೊನ್ಯೆ.,My mother's jewelry was promised to me but my brother took it after she died,Estates/Wills,,Estates/Wills,Land/Property,Torts/Individuals,0.90,True,True,False,Family inheritance dispute over mother's gold
llama3,E_sparse,58,ಎನ್ನ ಪೋಪ ತೀರ್ ಪೋಯಿ ಬೊಕ್ಕ ಎನ್ನ ಒಪ್ಪಿಗೆ ಇಜ್ಜಂದೆ ಎನ್ನ ಪೋಪ-ಅಮ್ಮನ ಇಲ್ಲನ್ ಮಾರ್ಯೆರ್ ಪಂಡ್ಡ್ ಗೊತ್ತಾಂಡ್.,I found out my parents' house was sold after my father's death without our agreement,Estates/Wills,Land/Property,Housing,Torts/Individuals,Courts/Legal-System,0.90,False,False,False,The situation involves a person's home and a conflict or issue related to this space.
llama3,E_sparse,59,"ಎನ್ನ ಮಾಮು, ಅಜ್ಜೆರ್-ನ ಜಾಗನ್ ಪಟ್ಟೆರೆ ಕೇನೋಂದಿಜ್ಜೆರ್.",My uncle is refusing to share the property left by my grandfather,Estates/Wills,Land/Property,Land/Property,Torts/Individuals,Housing,0.90,False,True,True,The situation involves someone taking control of the person's land or property without permission.
llama3,E_sparse,60,ಎನ್ನ ಕಂಡನಿ ತೀರ್ ಪೋಯಿ ಬೊಕ್ಕ ಎನ್ನ ಕಂಡನಿನ ಕುಟುಂಬದಕುಲು ಎನನ್ ಎಂಕ್ಲೆನ ಇಲ್ಲಡ್ ಕುಲ್ಯೆರೆ ಬುಡೋಂದಿಜ್ಜೆರ್.,After my husband passed away his family is not letting me stay in our house,Estates/Wills,Housing,Housing,Torts/Individuals,Land/Property,0.95,False,True,True,Unauthorized occupation of someone else's property
llama3,D_full,41,ಎಂಕುಲು ನಡೆತೊಂದುಿತ್ತಿನಪಗ ಎನ್ನ ಬರಿತ್ಅಕ್ಲೆನ ನಾಯಿ ಎನ್ನ ಬಾಲೆನ್ ಚೂಚ್ಚಿಂಡ್.,My neighbor's dog bit my child while we were walking,Torts/Individuals,,Housing,Torts/Individuals,Consumer/Money/Debt,0.90,False,True,True,The situation primarily involves the person's living arrangements and being forced out of their home.
llama3,D_full,42,ಏರೊ ಎಂಕ್ಲೆನ ಉಂತೋಂದು ಇತ್ತಿನ ಕಾರ್ಗ್ ಆಕ್ದ್ ಪೋಯೆರ್.,Someone crashed into my parked vehicle and drove away,Torts/Individuals,,Torts/Individuals,Consumer/Money/Debt,Courts/Legal-System,0.90,True,True,False,The situation involves a personal injury accident between two individuals.
llama3,D_full,43,ಒಂಜಿ ಬೇಲೆದಾಯೆ ಎನ್ನ ಮಿತ್ತ್ ಸಾಮಾನ್ ಬೂಡ್ಪಾದ್ ಎಂಕ್ ತಾಗ್ಂಡ್.,A worker dropped something that injured me,Torts/Individuals,,Torts/Individuals,Housing,Consumer/Money/Debt,0.90,True,True,False,The situation involves a personal dispute between individuals.
llama3,D_full,44,ಹಳ್ಳಿಡ್ ಯೇರಾ ಎನ್ನ ಬಾಗ್ಗೆ ಸುಳ್ಳು ಪಂಡ್ಡ್ ಎನ್ನ ಪುದರ್ನ್ ಹಾಳ್ ಮಲ್ತೆರ್.,Someone spread lies about me that damaged my reputation in the village,Torts/Individuals,,IP/Identity,Torts/Individuals,Courts/Legal-System,0.90,False,True,True,The problem involves someone stealing the person's identity and using it to create fake documents.
llama3,D_full,45,ಎನ್ನ ನೆರೆಕರೆದ ಅಕ್ಲೆನ ಪೆತ್ತಲು ಎನ್ನ ಪೂರಾ ಬುಳೆನ್ ತಿಂದ್ಡ್ ಹಾಳ್ ಮಲ್ತ್ಂಡ್.,My neighbor's cattle keep destroying my crops,Torts/Individuals,Land/Property,Land/Property,Consumer/Money/Debt,Torts/Individuals,0.80,False,True,True,"The situation involves financial difficulties and an inability to access funds, which is not directly related to housing or employment."
llama3,D_full,46,"ಎಂಕ್ ನ್ಯಾಯಾಲಯದ ಒಂಜಿ ಕಾಕಜಿ ಬೈದ್ಂಡ್, ಮಾತ್ರ ಐಟ್ ದಾದ ಪಣೊಂದುಲ್ಲೆರ್ ಪಂಡ್ಡ್ ಗೊತ್ತಿಜಿ.",I received a court notice but I don't understand what it is asking me to do,Courts/Legal-System,,Torts/Individuals,Courts/Legal-System,IP/Identity,0.90,False,True,True,"The situation involves a family dispute and property-related issue, which falls under the realm of tort law."
llama3,D_full,47,"ಎಂಕ್ ನ್ಯಾಯಾಲಯಗ್ ಪೋಪಿನ ತಾರೀಖ್ ತತ್ಂಡ್, ದಾಯೆಗ್ ಪಂಡ ಎಂಕ್ ಏರೇಲಾ ಏಪ ಏ ಪೋಡು ಪಂಡ್ಡ್ ಪಂಡಿಜೆರ್.",I missed a court date because no one explained when I needed to appear,Courts/Legal-System,,Torts/Individuals,Courts/Legal-System,Work/Employment,0.90,False,True,True,The situation appears to involve a personal dispute or injury that may be taken to court.
llama3,D_full,48,ಎಂಕ್ ಎನ್ನ ಕೆಲ್ಸದ ಧನಿನ ಮಿತ್ತ್ ಎಂಚ ದೂರು ಕೊರೋಡು ಪಂಡ್ಡ್ ಗೊತ್ತಿಜಿ.,I don't know how to file a complaint against my employer,Courts/Legal-System,Work/Employment,Consumer/Money/Debt,Torts/Individuals,Work/Employment,0.90,False,True,True,The person is struggling to pay off a debt owed to someone else.
llama3,D_full,49,ಪೊಲೀಸ್-ದ ಅಕುಲು ಎನ್ನ ದೂರುನ್ ದೆತ್ತೊನೆರೆ ತಯಾರ್ ಇಜ್ಜೆರ್.,The police would not register my complaint,Courts/Legal-System,,Torts/Individuals,Courts/Legal-System,Housing,0.90,False,True,True,The situation involves harm or injury caused to an individual by another person's actions.
llama3,D_full,50,"ಎಂಕ್ ಒಂಜಿ ವಕೀಲ್ ಬೋಡು ಪಂಡ್ಡ್ ಪಂಡೆರ್, ಮಾತ್ರ ಎಂಕ್ ವಕೀಲ್ನ್ ಎಂಚ ನಾಡೋಡು ಪಂಡ್ಡ್ ಗೊತ್ತಿಜಿ.",I was told I need a lawyer but I don't know how to find one,Courts/Legal-System,,Torts/Individuals,Courts/Legal-System,Work/Employment,0.90,False,True,True,"The person's main concern is finding legal help, which falls under individual rights and torts."
llama3,D_full,51,ಎಂಕ್ ಗೊತ್ತಿಜಂದೇ ಯೇರಾ ಎನ್ನ ಪುದರ್ಡ್ ಸಾಲ ದೆತ್ತೊನ್ಯೆರ್.,Someone opened a loan in my name without my knowledge,IP/Identity,Consumer/Money/Debt,Consumer/Money/Debt,Housing,Torts/Individuals,0.90,False,True,True,The situation involves a personal financial issue (a loan) that the individual is having trouble paying back.
llama3,D_full,52,ಎನಡ ಕೇನಂದೇ ಯೇರಾ ಎನ್ನ ಫೋಟೋನ್ ಜಾಹೀರಾತುಡ್ ಉಪಯೋಗ ಮಲ್ತೊಂದುಲ್ಲೆರ್.,My photo is being used in an advertisement without my permission,IP/Identity,,Torts/Individuals,IP/Identity,Courts/Legal-System,0.90,False,True,True,The situation involves an invasion of the person's privacy and a violation of their rights without their consent.
llama3,D_full,53,ಯೇರಾ ಎನ್ನಲೆಕ ಆನ್‌ಲೈನ್-ಡ್ ನಟನೆ ಮಲ್ತ್ಡ್ ಎನ್ನ ಕುಟುಂಬದಕ್ಲೆನ್ ಡೋಂಗಿ ಮಲ್ತೊಂದುಲ್ಲೆರ್.,Someone is pretending to be me online to trick my relatives,IP/Identity,,Estates/Wills,Torts/Individuals,Courts/Legal-System,0.90,False,False,False,"The situation involves a deceased parent's assets, property, and inheritance rights, which are typically governed by estate law or wills."
llama3,D_full,54,ವೊವಾ ಒಂಜಿ ಅಂಗಡಿ ಎನ್ನ ಕುಟುಂಬದ ಅಂಗಡಿದ ಪುದರನ್ ಉಪಯೋಗ ಮಲ್ತೊಂದುಂಡು,A shop is using my family's business name without asking,IP/Identity,,Work/Employment,Estates/Wills,Torts/Individuals,0.80,False,False,False,"The situation involves the person's family property and inheritance, which is not directly related to employment or work."
llama3,D_full,55,ಎಂಕ್ಲೆನ ಕುಟುಂಬ ಮಲ್ತ್ಡ್ ಮಾರುನ ಸಾಮಾಂದ ಡಿಸೈನ್-ನ್ ಯೇರಾ ಕಂಡ್ದೆರ್.,Someone stole the design of the products my family makes and sells,IP/Identity,,Land/Property,Torts/Individuals,Courts/Legal-System,0.90,False,False,False,The situation revolves around a family dispute over property and inheritance.
llama3,D_full,56,ಎನ್ನ ಪೋಪ ಒಂಜಿ ವಿಲ್ ಬುಡಂದೇ ತೀರ್ ಪೋಯಿ ಬೊಕ್ಕ ಎನ್ನ ಮೆಗ್ಗೆ-ಪಲಯೆನಕುಲು ಎನನ್ ಬುಡ್ಡು ಆಸ್ತಿನ್ ಪೂರಾ ಪಟ್ಟೋಂದುಲ್ಲೆರ್.,My father died without a will and my siblings are dividing everything without me,Estates/Wills,,Estates/Wills,Torts/Individuals,Courts/Legal-System,0.90,True,True,False,The situation involves inheritance and property rights after someone's death.
llama3,D_full,57,ಎನ್ನ ಅಮ್ಮನ ಬಂಗಾರ್ ಎಂಕ್ ಕೊರ್ಪೆರ್ ಪಂಡ್ ಪಂಡಿ ಬೊಕ್ಕ ಅಮ್ಮ ತೀರ್ ಪೋಯಿ ಬೊಕ್ಕ ಎನ್ನ ಪಲಯೆ ಅವೆನ್ ಪೂರಾ ದೆತ್ತೊನ್ಯೆ.,My mother's jewelry was promised to me but my brother took it after she died,Estates/Wills,,Torts/Individuals,Courts/Legal-System,Work/Employment,0.90,False,False,False,"The situation involves a family dispute and inheritance issue, which are personal and individual matters."
llama3,D_full,58,ಎನ್ನ ಪೋಪ ತೀರ್ ಪೋಯಿ ಬೊಕ್ಕ ಎನ್ನ ಒಪ್ಪಿಗೆ ಇಜ್ಜಂದೆ ಎನ್ನ ಪೋಪ-ಅಮ್ಮನ ಇಲ್ಲನ್ ಮಾರ್ಯೆರ್ ಪಂಡ್ಡ್ ಗೊತ್ತಾಂಡ್.,I found out my parents' house was sold after my father's death without our agreement,Estates/Wills,Land/Property,Land/Property,Torts/Individuals,Courts/Legal-System,0.90,False,True,True,"The situation involves disputes over property rights, inheritance, and ownership."
llama3,D_full,59,"ಎನ್ನ ಮಾಮು, ಅಜ್ಜೆರ್-ನ ಜಾಗನ್ ಪಟ್ಟೆರೆ ಕೇನೋಂದಿಜ್ಜೆರ್.",My uncle is refusing to share the property left by my grandfather,Estates/Wills,Land/Property,Estates/Wills,Land/Property,Torts/Individuals,0.90,True,True,False,The situation involves a dispute over family property and inheritance rights.
llama3,D_full,60,ಎನ್ನ ಕಂಡನಿ ತೀರ್ ಪೋಯಿ ಬೊಕ್ಕ ಎನ್ನ ಕಂಡನಿನ ಕುಟುಂಬದಕುಲು ಎನನ್ ಎಂಕ್ಲೆನ ಇಲ್ಲಡ್ ಕುಲ್ಯೆರೆ ಬುಡೋಂದಿಜ್ಜೆರ್.,After my husband passed away his family is not letting me stay in our house,Estates/Wills,Housing,Courts/Legal-System,Housing,Torts/Individuals,0.90,False,True,True,"The situation involves eviction and family disputes, which would likely involve legal proceedings or court intervention to resolve the issue."
